Код_региона,ЛогинОО,Класс,Код_предмета,Year,n_students,mean_score,median_score,std_score,min_score,max_score,score_range,high_score_share,low_score_share,skewness,kurtosis,mean_raw_score,std_raw_score,location_type,settlement_size,settlement_name,is_special_school,total_students_oo,jump_to_3,share_near_3,jump_to_4,share_near_4,jump_to_5,share_near_5,max_threshold_jump,max_threshold_share,region_mean,region_std,region_group_count,z_mean_region,context_mean,context_std,context_group_count,z_mean_context,z_mean_final,flag_small_sample,flag_high_mean,flag_low_std,flag_high_min,flag_high_share,flag_threshold_jump,flag_context_extreme,risk_score,profile_type,risk_label
2,sch02123185,4,2,2019,14,0.8214285714285714,0.825,0.09583148474999098,0.65,0.95,0.29999999999999993,0.6428571428571429,0.0,-0.2559055574249754,-1.2633333333333334,16.428571428571427,1.91662969499982,1. Столица субъекта РФ,8. Более 680 тыс. человек,Уфа,0.0,283.0,0.0,0.0,0.0,0.0,0.07142857142857142,0.5,0.07142857142857142,0.5,0.6246782989771268,0.07987265800745758,1219,2.4632994238538344,0.693429334056574,0.06421305966600363,114,1.993352100612706,1.993352100612706,False,False,True,True,True,False,False,3,профиль риска,1
2,sch02123716,4,2,2019,12,0.5958333333333334,0.6,0.062777163222164,0.5,0.7,0.19999999999999996,0.0,0.0,-0.09531885444123449,-1.207358962914087,11.916666666666666,1.2555432644432805,"4. Населенный пункт сельского типа (село, хутор, деревня и пр.)",1. Менее 1 тыс. человек,Осиновка,0.0,116.0,0.0,0.0,0.4166666666666667,0.4166666666666667,-0.4166666666666667,0.4166666666666667,0.4166666666666667,0.4166666666666667,0.6246782989771268,0.07987265800745758,1219,-0.3611369192333645,0.5994152369144345,0.08048442669259741,540,-0.044504306339682935,-0.044504306339682935,False,False,True,False,False,True,False,3,профиль риска,1
3,sch03130123,4,2,2019,10,0.605,0.6,0.0788986691902975,0.5,0.8,0.30000000000000004,0.1,0.0,1.2094207383503308,1.1369816615861073,12.1,1.57797338380595,"4. Населенный пункт сельского типа (село, хутор, деревня и пр.)",1. Менее 1 тыс. человек,Аргада,0.0,64.0,0.0,0.0,0.4,0.4,-0.1,0.3,0.4,0.4,0.566017729042983,0.09286775143758559,423,0.4197611157110458,0.5547010946534844,0.10462693553729498,212,0.48074527929365013,0.48074527929365013,False,False,True,False,False,True,False,3,профиль риска,1
5,sch05153179,4,2,2019,10,0.875,0.9,0.09287087810503354,0.65,1.0,0.35,0.9,0.0,-1.1235796216866063,0.9035916824196604,17.5,1.857417562100671,"4. Населенный пункт сельского типа (село, хутор, деревня и пр.)",1. Менее 1 тыс. человек,Ново-Аргвани,0.0,159.0,0.0,0.0,0.0,0.0,0.0,0.2,0.0,0.2,0.5929949744178625,0.11405161034985606,1278,2.472608889230764,0.5894789565117348,0.12992662360404944,412,2.1975560941103867,2.1975560941103867,False,True,True,True,True,False,False,3,профиль риска,1
5,sch05153246,4,2,2019,40,0.7537499999999999,0.75,0.08615937267645349,0.6,0.9,0.30000000000000004,0.475,0.0,-0.05736629110019159,-1.37104397611891,15.075,1.7231874535290699,"3. Населенный пункт городского типа (рабочий поселок, поселок городского типа и пр.)",4. 10–50 тыс. человек,Белиджи,0.0,304.0,0.0,0.0,0.0,0.0,-0.05,0.7,0.0,0.7,0.5929949744178625,0.11405161034985606,1278,1.4094936940304261,0.6097233434837588,0.09920006549433073,62,1.451880659539204,1.451880659539204,False,False,True,True,True,False,False,3,профиль риска,1
5,sch05153417,4,2,2019,10,0.59,0.575,0.08602325267042625,0.5,0.7,0.19999999999999996,0.0,0.0,0.19322242656067307,-1.6902848794740684,11.8,1.7204650534085253,"4. Населенный пункт сельского типа (село, хутор, деревня и пр.)",1. Менее 1 тыс. человек,Капкайкент,0.0,98.0,0.0,0.0,0.5,0.5,-0.4,0.4,0.5,0.5,0.5929949744178625,0.11405161034985606,1278,-0.02625981701332761,0.5894789565117348,0.12992662360404944,412,0.004010290376305642,0.004010290376305642,False,False,True,False,False,True,False,3,профиль риска,1
5,sch05153562,4,2,2019,17,0.8794117647058823,0.85,0.09557692240748189,0.7,1.0,0.30000000000000004,0.8823529411764706,0.0,-0.059622440943113884,-1.195151084710744,17.58823529411765,1.9115384481496378,"4. Населенный пункт сельского типа (село, хутор, деревня и пр.)",2. 1–5 тыс. человек,Целегюн,0.0,155.0,0.0,0.0,0.0,0.0,0.23529411764705882,0.35294117647058826,0.23529411764705882,0.35294117647058826,0.5929949744178625,0.11405161034985606,1278,2.511291067345997,0.5694163491616224,0.10220614209574624,300,3.0330409619987186,3.0330409619987186,False,True,True,True,True,False,True,4,профиль риска,1
5,sch05153594,4,2,2019,10,0.64,0.675,0.18947295321496416,0.35,0.9,0.55,0.5,0.2,-0.1539235279180542,-1.5711082316245213,12.8,3.7894590642992827,"4. Населенный пункт сельского типа (село, хутор, деревня и пр.)",1. Менее 1 тыс. человек,Кумли,0.0,96.0,0.1,0.1,0.2,0.4,0.4,0.4,0.4,0.4,0.5929949744178625,0.11405161034985606,1278,0.412138201625987,0.5894789565117348,0.12992662360404944,412,0.3888428875226359,0.3888428875226359,False,False,False,False,True,True,False,3,профиль риска,1
5,sch05153677,4,2,2019,10,0.82,0.85,0.08124038404635962,0.7,0.9,0.20000000000000007,0.6,0.0,-0.3804646084815722,-1.557851239669422,16.4,1.6248076809271923,"4. Населенный пункт сельского типа (село, хутор, деревня и пр.)",2. 1–5 тыс. человек,Марага ,0.0,85.0,0.0,0.0,0.0,0.0,0.0,0.4,0.0,0.4,0.5929949744178625,0.11405161034985606,1278,1.9903710687275178,0.5694163491616224,0.10220614209574624,300,2.45174747525087,2.45174747525087,False,True,True,True,True,False,False,3,профиль риска,1
5,sch05153704,4,2,2019,25,0.414,0.4,0.09002221947941519,0.3,0.6,0.3,0.0,0.6,0.5645858518573907,-0.71426002929342,8.28,1.8004443895883038,"4. Населенный пункт сельского типа (село, хутор, деревня и пр.)",2. 1–5 тыс. человек,Тураг,0.0,196.0,0.44,0.44,-0.08,0.48,0.0,0.0,0.44,0.48,0.5929949744178625,0.11405161034985606,1278,-1.5694208426237135,0.5694163491616224,0.10220614209574624,300,-1.5206165302279888,-1.5206165302279888,False,False,True,False,False,True,False,3,профиль риска,1
5,sch05153766,4,2,2019,14,0.5285714285714286,0.525,0.058901508937395146,0.4,0.6,0.19999999999999996,0.0,0.07142857142857142,-0.43335409473403674,-0.5108131487889271,10.571428571428571,1.178030178747903,"4. Населенный пункт сельского типа (село, хутор, деревня и пр.)",1. Менее 1 тыс. человек,село Кахабросо,0.0,116.0,0.0,0.0,0.42857142857142855,0.7142857142857143,0.0,0.0,0.42857142857142855,0.7142857142857143,0.5929949744178625,0.11405161034985606,1278,-0.5648630970559133,0.5894789565117348,0.12992662360404944,412,-0.4687840432606137,-0.4687840432606137,False,False,True,False,False,True,False,3,профиль риска,1
5,sch05153835,4,2,2019,17,0.9294117647058823,0.95,0.07870051858976265,0.75,1.0,0.25,0.8823529411764706,0.0,-1.2035166458571296,0.47163009893573316,18.58823529411765,1.5740103717952532,не указано,не указано,не указано,0.0,807.0,0.0,0.0,0.0,0.0,0.11764705882352941,0.11764705882352941,0.11764705882352941,0.11764705882352941,0.5929949744178625,0.11405161034985606,1278,2.949689085985311,0.6105878234007888,0.11570304019016622,260,2.755536421351449,2.755536421351449,False,True,True,True,True,False,True,4,профиль риска,1
5,sch05153863,4,2,2019,11,0.75,0.75,0.0426401432711221,0.65,0.8,0.15000000000000002,0.2727272727272727,0.0,-0.8794529549668907,0.4374999999999951,15.0,0.8528028654224418,не указано,не указано,не указано,0.0,807.0,0.0,0.0,0.0,0.0,0.6363636363636364,1.0,0.6363636363636364,1.0,0.5929949744178625,0.11405161034985606,1278,1.376613842632478,0.6105878234007888,0.11570304019016622,260,1.204913685673923,1.204913685673923,False,False,True,True,False,True,False,4,профиль риска,1
11,sch11110087,4,2,2019,50,0.821,0.85,0.09224424101265076,0.6,1.0,0.4,0.66,0.0,-0.22655954227690372,-0.6644190459243036,16.42,1.844884820253015,2. Город,4. 10–50 тыс. человек,Инта,0.0,524.0,0.0,0.0,0.0,0.0,0.06,0.42,0.06,0.42,0.6384083279289531,0.09718204157116411,295,1.8788622786581337,0.6389306784465829,0.06133695722627944,32,2.968346161707066,2.968346161707066,False,True,True,True,True,False,True,4,профиль риска,1
11,sch11110212,4,2,2019,14,0.8142857142857143,0.8,0.08112726208286104,0.65,0.95,0.29999999999999993,0.7142857142857143,0.0,-0.2661828321449561,-0.6291689201370105,16.285714285714285,1.6225452416572208,"3. Населенный пункт городского типа (рабочий поселок, поселок городского типа и пр.)",3. 5–10 тыс. чел,Междуреченск,0.0,135.0,0.0,0.0,0.0,0.0,0.2857142857142857,0.5714285714285714,0.2857142857142857,0.5714285714285714,0.6384083279289531,0.09718204157116411,295,1.8097725002820644,0.6616119303934417,0.08289611850958886,25,1.8417482825159337,1.8417482825159337,False,False,True,True,True,False,False,3,профиль риска,1
14,sch14143455,4,2,2019,39,0.758974358974359,0.8,0.1079362316915343,0.5,0.9,0.4,0.5128205128205128,0.0,-0.752132541482805,-0.19498188525801208,15.179487179487179,2.158724633830686,"3. Населенный пункт городского типа (рабочий поселок, поселок городского типа и пр.)",3. 5–10 тыс. чел,Чернышевский,0.0,333.0,0.0,0.0,0.10256410256410256,0.10256410256410256,0.41025641025641024,0.5641025641025641,0.41025641025641024,0.5641025641025641,0.6105912809137946,0.09820690394780388,545,1.510923082754231,0.6135202049645719,0.07872499511143329,45,1.847623538164726,1.847623538164726,False,False,False,False,True,True,False,3,профиль риска,1
14,sch14143522,4,2,2019,31,0.7693548387096774,0.75,0.12551662231189498,0.5,1.0,0.5,0.4838709677419355,0.0,-0.5396794325632633,0.37383670506361577,15.387096774193548,2.5103324462378995,1. Столица субъекта РФ,6. 100–450 тыс. человек,Якутск,0.0,246.0,0.0,0.0,0.12903225806451613,0.12903225806451613,0.5806451612903226,0.6451612903225806,0.5806451612903226,0.6451612903225806,0.6105912809137946,0.09820690394780388,545,1.616623184458236,0.6379000814502733,0.06872008357620218,33,1.9129015917688277,1.9129015917688277,False,False,False,False,True,True,False,3,профиль риска,1
16,sch16160897,4,2,2019,18,0.836111111111111,0.85,0.09690424190284669,0.6,0.95,0.35,0.6666666666666666,0.0,-0.5210138344966079,-0.3155745535886094,16.72222222222222,1.9380848380569342,"3. Населенный пункт городского типа (рабочий поселок, поселок городского типа и пр.)",3. 5–10 тыс. чел,Богатые Сабы,0.0,212.0,0.0,0.0,0.0,0.0,0.3888888888888889,0.3888888888888889,0.3888888888888889,0.3888888888888889,0.6425132995975866,0.08827334543412951,1292,2.193162732888481,0.6373180825756646,0.08007407680175425,40,2.48261405532797,2.48261405532797,False,True,True,True,True,True,False,5,профиль риска,1
16,sch16161113,4,2,2019,57,0.9307017543859648,0.95,0.08520068464272337,0.7,1.0,0.30000000000000004,0.9122807017543859,0.0,-1.42921700471682,1.3998781982400113,18.614035087719298,1.7040136928544674,2. Город,7. 450–680 тыс. человек,г.Набережные Челны,0.0,689.0,0.0,0.0,0.0,0.0,-0.05263157894736842,0.08771929824561403,0.0,0.08771929824561403,0.6425132995975866,0.08827334543412951,1292,3.2647279127245428,0.6746591357576496,0.07574633779906714,67,3.380263997812295,3.380263997812295,False,True,True,True,True,False,True,4,профиль риска,1
16,sch16163214,4,2,2019,13,0.7653846153846153,0.8,0.08408927349644403,0.6,0.9,0.30000000000000004,0.5384615384615384,0.0,-0.19922272688282147,-0.4984243973319811,15.307692307692308,1.6817854699288803,"4. Населенный пункт сельского типа (село, хутор, деревня и пр.)",1. Менее 1 тыс. человек,Ашитбаш,0.0,77.0,0.0,0.0,0.0,0.0,0.3076923076923077,0.7692307692307693,0.3076923076923077,0.7692307692307693,0.6425132995975866,0.08827334543412951,1292,1.3919413066622308,0.6278658903182855,0.09669820363601002,650,1.422143534165079,1.422143534165079,False,False,True,True,True,False,False,3,профиль риска,1
16,sch16163386,4,2,2019,98,0.8438775510204082,0.85,0.08784997244910564,0.65,1.0,0.35,0.7755102040816326,0.0,-0.027629551132737257,-0.771164210892969,16.877551020408163,1.756999448982113,2. Город,7. 450–680 тыс. человек,Набережные Челны,0.0,1060.0,0.0,0.0,0.0,0.0,0.2653061224489796,0.4489795918367347,0.2653061224489796,0.4489795918367347,0.6425132995975866,0.08827334543412951,1292,2.2811444432349246,0.6746591357576496,0.07574633779906714,67,2.234014477526894,2.234014477526894,False,True,True,True,True,False,False,3,профиль риска,1
16,sch16163420,4,2,2019,10,0.8150000000000001,0.825,0.16740669042783207,0.35,0.95,0.6,0.9,0.1,-1.9720466861588037,3.0865251093987878,16.3,3.348133808556641,2. Город,7. 450–680 тыс. человек,Набережные Челны,1.0,164.0,0.1,0.1,0.0,0.0,0.4,0.4,0.4,0.4,0.6425132995975866,0.08827334543412951,1292,1.9540066092898314,0.6746591357576496,0.07574633779906714,67,1.8527742504810425,1.8527742504810425,False,False,False,False,True,True,False,3,профиль риска,1
16,sch16164053,4,2,2019,11,0.9090909090909091,0.9,0.05142594772265799,0.8,1.0,0.19999999999999996,1.0,0.0,-0.36874513784532675,-0.0031738281250013323,18.181818181818183,1.02851895445316,1. Столица субъекта РФ,8. Более 680 тыс. человек,Казань,1.0,171.0,0.0,0.0,0.0,0.0,0.09090909090909091,0.09090909090909091,0.09090909090909091,0.09090909090909091,0.6425132995975866,0.08827334543412951,1292,3.0199105764292735,0.6880158038194435,0.07336943919195893,163,3.013176980855194,3.013176980855194,False,True,True,True,True,False,True,4,профиль риска,1
16,sch16166266,4,2,2019,14,0.7964285714285716,0.8,0.12169089312429159,0.45,0.95,0.49999999999999994,0.6428571428571429,0.0,-1.3140786653583512,2.163994774174456,15.928571428571429,2.433817862485832,1. Столица субъекта РФ,8. Более 680 тыс. человек,Казань,0.0,120.0,0.0,0.0,-0.07142857142857142,0.07142857142857142,0.42857142857142855,0.5714285714285714,0.42857142857142855,0.5714285714285714,0.6425132995975866,0.08827334543412951,1292,1.7436211471767336,0.6880158038194435,0.07336943919195893,163,1.4776284077282387,1.4776284077282387,False,False,False,False,True,True,False,3,профиль риска,1
18,sch18183076,4,2,2019,50,0.909,0.925,0.09364293886887574,0.65,1.0,0.35,0.9,0.0,-0.7732913437811317,-0.2857086008088303,18.18,1.8728587773775152,1. Столица субъекта РФ,7. 450–680 тыс. человек,город,0.0,756.0,0.0,0.0,0.0,0.0,0.12,0.2,0.12,0.2,0.6261335384723705,0.08763208959901546,518,3.227886757259381,0.6838254459092392,0.08219257705263715,58,2.7395972016616077,2.7395972016616077,False,True,True,True,True,False,True,4,профиль риска,1
18,sch18183287,4,2,2019,16,0.765625,0.775,0.08788975694015772,0.55,0.9,0.35,0.5,0.0,-0.4814206839992073,0.15654303071373166,15.3125,1.757795138803154,"4. Населенный пункт сельского типа (село, хутор, деревня и пр.)",2. 1–5 тыс. человек,Подгорное,0.0,154.0,0.0,0.0,0.0625,0.0625,0.0625,0.6875,0.0625,0.6875,0.6261335384723705,0.08763208959901546,518,1.5917851801310539,0.623120515206713,0.0643895629867478,68,2.2131612358141997,2.2131612358141997,False,True,True,True,True,False,False,3,профиль риска,1
19,sch19190038,4,2,2019,11,0.759090909090909,0.8,0.14588005941710194,0.5,0.95,0.44999999999999996,0.6363636363636364,0.0,-0.6191232775253926,-0.6132246206051484,15.181818181818182,2.9176011883420387,"4. Населенный пункт сельского типа (село, хутор, деревня и пр.)",1. Менее 1 тыс. человек,село Солнечное,0.0,110.0,0.0,0.0,0.18181818181818182,0.18181818181818182,0.36363636363636365,0.5454545454545454,0.36363636363636365,0.5454545454545454,0.6204273390589993,0.0797566002195076,168,1.7385842632494026,0.6000155243718661,0.08292882525063552,51,1.9182158222821786,1.9182158222821786,False,False,False,False,True,True,False,3,профиль риска,1
19,sch19190114,4,2,2019,14,0.8250000000000001,0.8,0.16339041762425532,0.4,1.0,0.6,0.6428571428571429,0.07142857142857142,-0.9763838962828413,0.777060659276744,16.5,3.267808352485107,"4. Населенный пункт сельского типа (село, хутор, деревня и пр.)",2. 1–5 тыс. человек,Куйбышево,0.0,159.0,0.0,0.0,-0.07142857142857142,0.07142857142857142,0.35714285714285715,0.5,0.35714285714285715,0.5,0.6204273390589993,0.0797566002195076,168,2.564962152072331,0.6135963379097599,0.07849825120747032,48,2.6931002772469643,2.6931002772469643,False,True,False,False,True,True,True,4,профиль риска,1
20,sch20103355,4,2,2019,17,0.4088235294117647,0.4,0.09430129142283175,0.3,0.65,0.35000000000000003,0.0,0.7058823529411765,0.9021793371159772,0.3521892837136078,8.176470588235293,1.886025828456635,не указано,не указано,не указано,0.0,807.0,0.35294117647058826,0.35294117647058826,-0.23529411764705882,0.5882352941176471,-0.058823529411764705,0.058823529411764705,0.35294117647058826,0.5882352941176471,0.5498325143511807,0.08856657909897887,501,-1.5921240988864367,0.5619448721065478,0.11398464704984096,49,-1.3433505885036356,-1.3433505885036356,False,False,True,False,False,True,False,3,профиль риска,1
20,sch20106084,4,2,2019,17,0.8705882352941177,0.85,0.08921029934178293,0.7,1.0,0.30000000000000004,0.8823529411764706,0.0,0.05138867385051883,-0.8796739130434763,17.41176470588235,1.784205986835659,2. Город,8. Более 680 тыс. человек,г. Грозный ,0.0,64.0,0.0,0.0,0.0,0.0,0.23529411764705882,0.35294117647058826,0.23529411764705882,0.35294117647058826,0.5498325143511807,0.08856657909897887,501,3.6216338511220094,0.7063766339869281,0.142231598177988,3,1.154536709217708,3.6216338511220094,False,True,True,True,True,False,True,4,профиль риска,1
20,sch20106087,4,2,2019,15,0.6266666666666667,0.6,0.09285592184789412,0.5,0.8,0.30000000000000004,0.06666666666666667,0.0,0.5719609969812953,-1.154572749495165,12.533333333333333,1.8571184369578826,2. Город,8. Более 680 тыс. человек,Грозный,0.0,221.0,0.0,0.0,0.4,0.4,0.2,0.3333333333333333,0.4,0.4,0.5498325143511807,0.08856657909897887,501,0.8675298639413275,0.7063766339869281,0.142231598177988,3,-0.5604237619583847,0.8675298639413275,False,False,True,False,False,True,False,3,профиль риска,1
21,sch21113089,4,2,2019,11,0.7772727272727272,0.85,0.09381712472977408,0.6,0.9,0.30000000000000004,0.5454545454545454,0.0,-0.4012491984078404,-1.2433710242676728,15.545454545454545,1.8763424945954812,"4. Населенный пункт сельского типа (село, хутор, деревня и пр.)",1. Менее 1 тыс. человек,Чурачики,0.0,82.0,0.0,0.0,0.0,0.0,-0.36363636363636365,0.36363636363636365,0.0,0.36363636363636365,0.6345962834934338,0.08427029780247396,397,1.6930810439725874,0.6214065259350023,0.085845808891547,199,1.8156530103250341,1.8156530103250341,False,False,True,True,True,False,False,3,профиль риска,1
21,sch21113114,4,2,2019,20,0.9049999999999999,0.9,0.0687386354243376,0.75,1.0,0.25,0.95,0.0,-0.29557555502864225,-0.5662215503485357,18.1,1.374772708486752,"4. Населенный пункт сельского типа (село, хутор, деревня и пр.)",1. Менее 1 тыс. человек,Шоршелы,0.0,206.0,0.0,0.0,0.0,0.0,0.1,0.1,0.1,0.1,0.6345962834934338,0.08427029780247396,397,3.2087665946117943,0.6214065259350023,0.085845808891547,199,3.303521484936724,3.303521484936724,False,True,True,True,True,False,True,4,профиль риска,1
21,sch21113131,4,2,2019,10,0.58,0.55,0.08426149773176357,0.5,0.75,0.25,0.0,0.0,0.892593528838759,-0.6340011902400291,11.6,1.6852299546352716,"4. Населенный пункт сельского типа (село, хутор, деревня и пр.)",1. Менее 1 тыс. человек,Кудеиха,0.0,84.0,0.0,0.0,0.7,0.7,-0.1,0.3,0.7,0.7,0.6345962834934338,0.08427029780247396,397,-0.647871016445263,0.6214065259350023,0.085845808891547,199,-0.48233602163750555,-0.48233602163750555,False,False,True,False,False,True,False,3,профиль риска,1
22,sch22123971,4,2,2019,10,0.635,0.775,0.2313547060251855,0.3,0.9,0.6000000000000001,0.5,0.3,-0.46235803044527535,-1.5484664632437013,12.7,4.62709412050371,"4. Населенный пункт сельского типа (село, хутор, деревня и пр.)",1. Менее 1 тыс. человек,Юдиха,0.0,62.0,0.3,0.3,0.1,0.1,0.4,0.4,0.4,0.4,0.5941410700547436,0.07919965456207442,647,0.5158978302516756,0.5822093101482427,0.08791360632375746,203,0.6004837255492192,0.6004837255492192,False,False,False,False,True,True,False,3,профиль риска,1
22,sch22124215,4,2,2019,99,0.8388888888888889,0.9,0.09116406443451268,0.45,0.9,0.45,0.797979797979798,0.0,-1.938976171200397,3.849592702706026,16.77777777777778,1.8232812886902532,2. Город,6. 100–450 тыс. человек,Бийск,0.0,1344.0,0.0,0.0,0.010101010101010102,0.030303030303030304,0.10101010101010101,0.2222222222222222,0.10101010101010101,0.2222222222222222,0.5941410700547436,0.07919965456207442,647,3.0902637162680926,0.6292656492112599,0.07834974244695093,45,2.675480903074579,2.675480903074579,False,True,True,False,True,False,True,3,профиль риска,1
22,sch22126015,4,2,2019,13,0.7846153846153847,0.8,0.11499935682866194,0.55,1.0,0.44999999999999996,0.5384615384615384,0.0,-0.0008978524323387223,-0.14489587556116135,15.692307692307692,2.2999871365732387,2. Город,7. 450–680 тыс. человек,Барнаул,0.0,189.0,0.0,0.0,0.07692307692307693,0.07692307692307693,0.38461538461538464,0.6923076923076923,0.38461538461538464,0.6923076923076923,0.5941410700547436,0.07919965456207442,647,2.404989208776824,0.6214277172227279,0.08237198034673528,48,1.9811065207578749,1.9811065207578749,False,False,False,True,True,True,False,4,профиль риска,1
23,sch23133173,4,2,2019,27,0.8666666666666666,0.85,0.09622504486493763,0.7,1.0,0.30000000000000004,0.7407407407407407,0.0,-0.32216145020780934,-1.0272000000000003,17.333333333333332,1.9245008972987527,2. Город,6. 100–450 тыс. человек,Новвороссийск,0.0,428.0,0.0,0.0,0.0,0.0,0.037037037037037035,0.25925925925925924,0.037037037037037035,0.25925925925925924,0.5985292087159289,0.0810881995002435,1140,3.3067383368147487,0.6411780736912959,0.07748062430233375,70,2.9102578225944793,2.9102578225944793,False,True,True,True,True,False,True,4,профиль риска,1
23,sch23133967,4,2,2019,12,0.7666666666666667,0.8,0.11785113019775792,0.5,0.95,0.44999999999999996,0.5833333333333334,0.0,-0.7452905473706225,0.17400000000000126,15.333333333333334,2.3570226039551585,1. Столица субъекта РФ,8. Более 680 тыс. человек,Краснодар,0.0,140.0,0.0,0.0,0.08333333333333333,0.08333333333333333,0.4166666666666667,0.5833333333333334,0.4166666666666667,0.5833333333333334,0.5985292087159289,0.0810881995002435,1140,2.0735132730408323,0.6807068628698086,0.07810481736685564,85,1.10056980727716,1.10056980727716,False,False,False,False,True,True,False,3,профиль риска,1
23,sch23136025,4,2,2019,10,0.745,0.75,0.04716990566028304,0.65,0.8,0.15000000000000002,0.3,0.0,-0.5145158249019611,-0.6345158439591003,14.9,0.9433981132056604,"3. Населенный пункт городского типа (рабочий поселок, поселок городского типа и пр.)",1. Менее 1 тыс. человек,Мезмай,0.0,101.0,0.0,0.0,0.0,0.0,0.4,1.0,0.4,1.0,0.5985292087159289,0.0810881995002435,1140,1.8063145092231492,0.5466485770345775,0.09238007805437311,164,2.1471233532480536,2.1471233532480536,False,True,True,True,False,True,False,4,профиль риска,1
23,sch23136190,4,2,2019,17,0.4352941176470589,0.45,0.08705087404087497,0.3,0.55,0.25000000000000006,0.0,0.4117647058823529,-0.07914458336048959,-1.3496434603115026,8.705882352941176,1.741017480817499,"4. Населенный пункт сельского типа (село, хутор, деревня и пр.)",2. 1–5 тыс. человек,Адербиевка,0.0,159.0,0.35294117647058826,0.35294117647058826,0.058823529411764705,0.6470588235294118,0.0,0.0,0.35294117647058826,0.6470588235294118,0.5985292087159289,0.0810881995002435,1140,-2.0130560559354853,0.5765443300451994,0.07178600519077535,322,-1.9676566765731032,-1.9676566765731032,False,False,True,False,False,True,False,3,профиль риска,1
23,sch23136229,4,2,2019,55,0.9072727272727273,0.95,0.090160554677945,0.7,1.0,0.30000000000000004,0.9090909090909091,0.0,-0.5898260677966893,-0.8057754741816185,18.145454545454545,1.8032110935589003,2. Город,8. Более 680 тыс. человек,Краснодар,0.0,758.0,0.0,0.0,0.0,0.0,0.14545454545454545,0.21818181818181817,0.14545454545454545,0.21818181818181817,0.5985292087159289,0.0810881995002435,1140,3.8075024536199176,0.6807068628698086,0.07810481736685564,85,2.9007924484189833,2.9007924484189833,False,True,True,True,True,False,True,4,профиль риска,1
24,sch24140486,4,2,2019,46,0.8760869565217391,0.9,0.08258008657922859,0.55,1.0,0.44999999999999996,0.9565217391304348,0.0,-1.1818843078595518,3.581833872894159,17.52173913043478,1.651601731584572,"4. Населенный пункт сельского типа (село, хутор, деревня и пр.)",4. 10–50 тыс. человек,село,0.0,582.0,0.0,0.0,0.021739130434782608,0.021739130434782608,0.15217391304347827,0.1956521739130435,0.15217391304347827,0.1956521739130435,0.6200356651781946,0.09747834897864519,950,2.626750391511434,0.6360951801201703,0.06294452177548542,78,3.812750810270462,3.812750810270462,False,True,True,True,True,False,True,4,профиль риска,1
24,sch24143313,4,2,2019,15,0.7399999999999999,0.75,0.1614517471774978,0.3,0.95,0.6499999999999999,0.4666666666666667,0.06666666666666667,-1.483185656317243,1.6655208953368916,14.8,3.229034943549956,"4. Населенный пункт сельского типа (село, хутор, деревня и пр.)",2. 1–5 тыс. человек,Предивинск,0.0,121.0,0.06666666666666667,0.06666666666666667,-0.06666666666666667,0.06666666666666667,0.4666666666666667,0.6,0.4666666666666667,0.6,0.6200356651781946,0.09747834897864519,950,1.2306767203052045,0.6121568317045312,0.07093912995099298,150,1.8021530343519416,1.8021530343519416,False,False,False,False,True,True,False,3,профиль риска,1
24,sch24143480,4,2,2019,12,0.5624999999999999,0.55,0.09381941874331418,0.35,0.7,0.35,0.0,0.08333333333333333,-0.43991094702932537,0.07877875424529845,11.25,1.8763883748662837,"4. Населенный пункт сельского типа (село, хутор, деревня и пр.)",1. Менее 1 тыс. человек,Брагино,0.0,80.0,0.08333333333333333,0.08333333333333333,0.5,0.5,-0.25,0.25,0.5,0.5,0.6200356651781946,0.09747834897864519,950,-0.5902404562760827,0.5913931995527397,0.10287572447727314,310,-0.2808553689371373,-0.2808553689371373,False,False,True,False,False,True,False,3,профиль риска,1
24,sch24143617,4,2,2019,14,0.8071428571428573,0.8,0.09422075684480657,0.6,0.9,0.30000000000000004,0.7857142857142857,0.0,-0.8469785038605718,-0.31926278240189765,16.142857142857142,1.8844151368961317,"4. Населенный пункт сельского типа (село, хутор, деревня и пр.)",1. Менее 1 тыс. человек,Роща,0.0,98.0,0.0,0.0,0.0,0.0,0.21428571428571427,0.5,0.21428571428571427,0.5,0.6200356651781946,0.09747834897864519,950,1.9194743645653318,0.5913931995527397,0.10287572447727314,310,2.097187248851696,2.097187248851696,False,True,True,True,True,False,False,3,профиль риска,1
25,sch25153235,4,2,2019,11,0.41363636363636364,0.4,0.09068153337845457,0.3,0.55,0.25000000000000006,0.0,0.6363636363636364,0.3226669747824057,-1.4060882300951987,8.272727272727273,1.8136306675690912,"4. Населенный пункт сельского типа (село, хутор, деревня и пр.)",1. Менее 1 тыс. человек,Ширяевка,0.0,69.0,0.45454545454545453,0.45454545454545453,0.18181818181818182,0.5454545454545454,0.0,0.0,0.45454545454545453,0.5454545454545454,0.6014694312773358,0.09189224953562956,509,-2.0440577806090516,0.5731919819074615,0.09952925380865926,132,-1.6031027277451178,-1.6031027277451178,False,False,True,False,False,True,False,3,профиль риска,1
25,sch25156085,4,2,2019,12,0.8458333333333332,0.85,0.0660124146573119,0.7,0.95,0.25,0.9166666666666666,0.0,-0.2811455548459499,0.11418866367200531,16.916666666666668,1.3202482931462383,2. Город,7. 450–680 тыс. человек,Владивосток,0.0,58.0,0.0,0.0,0.0,0.0,0.16666666666666666,0.3333333333333333,0.16666666666666666,0.3333333333333333,0.6014694312773358,0.09189224953562956,509,2.6592438784649595,0.6404335099426378,0.1039426959482056,52,1.976087126824627,1.976087126824627,False,False,True,True,True,False,False,3,профиль риска,1
28,sch28183247,4,2,2019,12,0.8333333333333334,0.825,0.08740073734751262,0.7,1.0,0.30000000000000004,0.6666666666666666,0.0,0.3293779853757485,-0.9153719008264454,16.666666666666668,1.7480147469502527,"4. Населенный пункт сельского типа (село, хутор, деревня и пр.)",1. Менее 1 тыс. человек,село Мухино,0.0,98.0,0.0,0.0,0.0,0.0,0.3333333333333333,0.5,0.3333333333333333,0.5,0.5831930190712261,0.10300613469670922,311,2.4284021043855226,0.5764369851645219,0.1187089787401693,136,2.1640852351287365,2.1640852351287365,False,True,True,True,True,False,False,3,профиль риска,1
29,sch29193279,4,2,2019,50,0.815,0.8,0.11586630226256467,0.55,1.0,0.44999999999999996,0.62,0.0,-0.09643169877141827,-0.3481164757654258,16.3,2.3173260452512934,2. Город,4. 10–50 тыс. человек,Город Новодвинск,0.0,540.0,0.0,0.0,0.04,0.04,0.34,0.54,0.34,0.54,0.6250138984920196,0.09074199041516336,330,2.0936955497532583,0.6403322761490876,0.07498013822421346,38,2.3295198967038795,2.3295198967038795,False,True,False,True,True,True,False,4,профиль риска,1
31,sch31113193,4,2,2019,17,0.6558823529411766,0.75,0.19393931202158277,0.1,0.85,0.75,0.47058823529411764,0.058823529411764705,-1.292564909566758,1.3748175095995272,13.117647058823529,3.8787862404316558,"4. Населенный пункт сельского типа (село, хутор, деревня и пр.)",1. Менее 1 тыс. человек,Илёк- Кошары,0.0,149.0,0.0,0.0,-0.058823529411764705,0.17647058823529413,0.4117647058823529,0.4117647058823529,0.4117647058823529,0.4117647058823529,0.6264663242285283,0.07856008208698247,523,0.37443989276995093,0.5960808409358126,0.08045820215699537,223,0.7432618477936571,0.7432618477936571,False,False,False,False,True,True,False,3,профиль риска,1
33,sch33136027,4,2,2019,14,0.9178571428571428,0.925,0.08578865821045938,0.75,1.0,0.25,0.9285714285714286,0.0,-0.562769928518221,-1.0542127600779752,18.357142857142858,1.7157731642091876,2. Город,6. 100–450 тыс. человек,Муром,0.0,170.0,0.0,0.0,0.0,0.0,0.21428571428571427,0.21428571428571427,0.21428571428571427,0.21428571428571427,0.6348620209937255,0.08165376367671222,340,3.4657939710393046,0.6870217969577903,0.07190014430739654,72,3.2104990625951486,3.2104990625951486,False,True,True,True,True,False,True,4,профиль риска,1
34,sch34143161,4,2,2019,29,0.7862068965517242,0.8,0.09816993686542592,0.6,1.0,0.4,0.6551724137931034,0.0,-0.21354878468142727,-0.13411972944553563,15.724137931034482,1.9633987373085184,2. Город,8. Более 680 тыс. человек,Волгоград,0.0,374.0,0.0,0.0,0.0,0.0,0.41379310344827586,0.6206896551724138,0.41379310344827586,0.6206896551724138,0.6025710411745504,0.09055207291707328,706,2.027958603944337,0.6497015205209786,0.07916787068135897,124,1.7242522105989566,1.7242522105989566,False,False,False,True,True,True,False,4,профиль риска,1
34,sch34143487,4,2,2019,11,0.7818181818181817,0.75,0.1496552512104939,0.5,1.0,0.5,0.45454545454545453,0.0,-0.3592624681926714,-0.49955065971323975,15.636363636363637,2.9931050242098776,"4. Населенный пункт сельского типа (село, хутор, деревня и пр.)",2. 1–5 тыс. человек,Аксай,0.0,177.0,0.0,0.0,0.18181818181818182,0.18181818181818182,0.36363636363636365,0.36363636363636365,0.36363636363636365,0.36363636363636365,0.6025710411745504,0.09055207291707328,706,1.979492405522115,0.5725665886099072,0.06901234161540117,147,3.0320894540053813,3.0320894540053813,False,True,False,False,False,True,True,3,профиль риска,1
34,sch34146058,4,2,2019,10,0.7999999999999999,0.8,0.1378404875209022,0.55,1.0,0.44999999999999996,0.6,0.0,-0.40092108558711026,-0.8324099722991698,16.0,2.756809750418044,2. Город,8. Более 680 тыс. человек,Волгоград,0.0,59.0,0.0,0.0,0.1,0.1,0.4,0.4,0.4,0.4,0.6025710411745504,0.09055207291707328,706,2.180280941842746,0.6497015205209786,0.07916787068135897,124,1.898478235999985,1.898478235999985,False,False,False,True,True,True,False,4,профиль риска,1
36,sch36163250,4,2,2019,20,0.41,0.35,0.0930053761886914,0.3,0.55,0.25000000000000006,0.0,0.65,0.546304424938086,-1.3080624143807005,8.2,1.8601075237738274,"4. Населенный пункт сельского типа (село, хутор, деревня и пр.)",2. 1–5 тыс. человек,Дьяченково,0.0,203.0,0.55,0.55,0.15,0.45,0.0,0.0,0.55,0.55,0.6069329807226662,0.09959957657778017,720,-1.9772471680025228,0.5821924458245258,0.08313644381949271,162,-2.0712029275439425,-2.0712029275439425,False,False,True,False,False,True,False,3,профиль риска,1
37,sch37173203,4,2,2019,80,0.725,0.75,0.15103807466993216,0.3,0.95,0.6499999999999999,0.4875,0.05,-0.915581528267496,0.12433852505160381,14.5,3.020761493398643,2. Город,4. 10–50 тыс. человек,Вичуга,0.0,751.0,0.025,0.025,0.0875,0.1625,0.3375,0.4625,0.3375,0.4625,0.6401145548462953,0.0857733888293335,245,0.9896477953389995,0.6429061726470544,0.05229577457443832,37,1.5697984783855226,1.5697984783855226,False,False,False,False,True,True,False,3,профиль риска,1
38,sch38183145,4,2,2019,27,0.7574074074074074,0.8,0.1274418558080389,0.4,0.95,0.5499999999999999,0.5185185185185185,0.037037037037037035,-1.1453006515406023,1.3704426488883303,15.148148148148149,2.548837116160778,2. Город,7. 450–680 тыс. человек,Иркутск,0.0,295.0,0.0,0.0,-0.037037037037037035,0.1111111111111111,0.4444444444444444,0.6666666666666666,0.4444444444444444,0.6666666666666666,0.5854035264867076,0.09342688817111658,810,1.8410533015470354,0.6447191818003094,0.08585509470208337,59,1.3125397624698387,1.3125397624698387,False,False,False,False,True,True,False,3,профиль риска,1
38,sch38183430,4,2,2019,12,0.5458333333333333,0.55,0.09232716585900141,0.35,0.7,0.35,0.0,0.08333333333333333,-0.2748203890825867,-0.2735926929123411,10.916666666666666,1.846543317180028,"4. Населенный пункт сельского типа (село, хутор, деревня и пр.)",1. Менее 1 тыс. человек,Дальняя Закора,0.0,97.0,0.08333333333333333,0.08333333333333333,0.4166666666666667,0.5833333333333334,-0.25,0.25,0.4166666666666667,0.5833333333333334,0.5854035264867076,0.09342688817111658,810,-0.4235418082308303,0.5651446088441054,0.10722525560116859,311,-0.18010006506864135,-0.18010006506864135,False,False,True,False,False,True,False,3,профиль риска,1
40,sch40100129,4,2,2019,12,0.7791666666666667,0.8,0.10499669306961795,0.6,0.95,0.35,0.5833333333333334,0.0,-0.2518514515145011,-0.6821154442308894,15.583333333333334,2.099933861392359,2. Город,6. 100–450 тыс. человек,Калуга,0.0,117.0,0.0,0.0,0.0,0.0,0.4166666666666667,0.5833333333333334,0.4166666666666667,0.5833333333333334,0.6309802520306662,0.09221922270205886,320,1.6068929046903808,0.6946299961330386,0.07544566243541202,59,1.1204974256273352,1.1204974256273352,False,False,False,True,True,True,False,4,профиль риска,1
40,sch40106043,4,2,2019,10,0.67,0.675,0.10999999999999999,0.55,0.85,0.29999999999999993,0.2,0.0,0.16228399699474033,-1.4647906563759305,13.4,2.1999999999999997,"4. Населенный пункт сельского типа (село, хутор, деревня и пр.)",1. Менее 1 тыс. человек,Романово,0.0,162.0,0.0,0.0,0.4,0.4,0.1,0.5,0.4,0.5,0.6309802520306662,0.09221922270205886,320,0.42311946279788676,0.611763872215553,0.10237460669373517,140,0.5688532504810185,0.5688532504810185,False,False,False,True,False,True,False,3,профиль риска,1
42,sch42123116,4,2,2019,14,0.4035714285714286,0.375,0.09154289727125926,0.3,0.6,0.3,0.0,0.6428571428571429,0.732531502694808,-0.5361439502929466,8.071428571428571,1.8308579454251857,"4. Населенный пункт сельского типа (село, хутор, деревня и пр.)",1. Менее 1 тыс. человек,Базанча,0.0,118.0,0.5,0.5,-0.14285714285714285,0.42857142857142855,0.0,0.0,0.5,0.5,0.6007008839893717,0.0867870900216898,601,-2.2714145084099098,0.5808197736115096,0.09006255624886836,124,-1.9680581189622648,-1.9680581189622648,False,False,True,False,False,True,False,3,профиль риска,1
43,sch43130218,4,2,2019,13,0.8000000000000002,0.8,0.11435437497937312,0.5,1.0,0.5,0.6923076923076923,0.0,-0.9259143164419869,1.5095155709342611,16.0,2.2870874995874626,не указано,не указано,не указано,0.0,807.0,0.0,0.0,0.07692307692307693,0.07692307692307693,0.38461538461538464,0.5384615384615384,0.38461538461538464,0.5384615384615384,0.6441930955586258,0.09764096861944416,430,1.595712400689428,0.6431736385163475,0.10669795671433766,49,1.4698159769218804,1.4698159769218804,False,False,False,False,True,True,False,3,профиль риска,1
43,sch43130301,4,2,2019,52,0.8182692307692309,0.85,0.07907448177913691,0.6,0.95,0.35,0.7692307692307693,0.0,-0.9047813375512911,0.14761924553648376,16.365384615384617,1.581489635582738,2. Город,7. 450–680 тыс. человек,Киров,0.0,721.0,0.0,0.0,0.0,0.0,0.1346153846153846,0.40384615384615385,0.1346153846153846,0.40384615384615385,0.6441930955586258,0.09764096861944416,430,1.7828186023949342,0.7086785660254644,0.07221179917280339,47,1.5176282269538133,1.5176282269538133,False,False,True,True,True,False,False,3,профиль риска,1
43,sch43130305,4,2,2019,56,0.84375,0.85,0.07261843774138906,0.65,1.0,0.35,0.8392857142857143,0.0,0.1131157040797087,-0.26445620223397936,16.875,1.4523687548277813,2. Город,7. 450–680 тыс. человек,Киров,0.0,824.0,0.0,0.0,0.0,0.0,0.4107142857142857,0.44642857142857145,0.4107142857142857,0.44642857142857145,0.6441930955586258,0.09764096861944416,430,2.043782515299982,0.7086785660254644,0.07221179917280339,47,1.8704898025225574,1.8704898025225574,False,False,True,True,True,True,False,5,профиль риска,1
43,sch43130344,4,2,2019,98,0.8295918367346938,0.85,0.08625920083840025,0.55,0.95,0.3999999999999999,0.7551020408163265,0.0,-0.9185090098244572,0.5009264605353612,16.591836734693878,1.7251840167680048,2. Город,7. 450–680 тыс. человек,Киров,0.0,830.0,0.0,0.0,0.01020408163265306,0.01020408163265306,0.22448979591836735,0.3877551020408163,0.22448979591836735,0.3877551020408163,0.6441930955586258,0.09764096861944416,430,1.8987802333123092,0.7086785660254644,0.07221179917280339,47,1.6744253999250598,1.6744253999250598,False,False,True,True,True,False,False,3,профиль риска,1
45,sch45150255,4,2,2019,13,0.41923076923076924,0.4,0.0971486995408853,0.3,0.55,0.25000000000000006,0.0,0.5384615384615384,-0.045795767700555955,-1.6297255333575729,8.384615384615385,1.942973990817706,"4. Населенный пункт сельского типа (село, хутор, деревня и пр.)",1. Менее 1 тыс. человек,Песчанское,0.0,92.0,0.38461538461538464,0.38461538461538464,0.3076923076923077,0.6153846153846154,0.0,0.0,0.38461538461538464,0.6153846153846154,0.5856640625321405,0.08941557716367633,322,-1.8613456243391806,0.5699977152275812,0.0968689488191904,157,-1.5564011774116004,-1.5564011774116004,False,False,True,False,False,True,False,3,профиль риска,1
45,sch45150277,4,2,2019,11,0.39545454545454545,0.35,0.08105706590966823,0.3,0.6,0.3,0.0,0.8181818181818182,1.4273238412644662,1.157766702266522,7.909090909090909,1.6211413181933645,"4. Населенный пункт сельского типа (село, хутор, деревня и пр.)",1. Менее 1 тыс. человек,Скоблино,0.0,62.0,0.5454545454545454,0.5454545454545454,-0.18181818181818182,0.36363636363636365,0.0,0.0,0.5454545454545454,0.5454545454545454,0.5856640625321405,0.08941557716367633,322,-2.1272525784787386,0.5699977152275812,0.0968689488191904,157,-1.8018484963517802,-1.8018484963517802,False,False,True,False,False,True,False,3,профиль риска,1
46,sch46166151,4,2,2019,10,0.535,0.5,0.0776208734813001,0.4,0.7,0.29999999999999993,0.0,0.1,0.5067721840896148,0.07599731409583033,10.7,1.5524174696260025,"4. Населенный пункт сельского типа (село, хутор, деревня и пр.)",1. Менее 1 тыс. человек,Зуевка,0.0,95.0,0.0,0.0,0.5,0.7,-0.1,0.1,0.5,0.7,0.6313715433086656,0.10310674277711655,540,-0.9346774101572554,0.6169290577705134,0.10924946493014404,280,-0.7499263984761869,-0.7499263984761869,False,False,True,False,False,True,False,3,профиль риска,1
50,sch50100214,4,2,2019,20,0.8025,0.825,0.08437268515343103,0.65,0.95,0.29999999999999993,0.65,0.0,-0.2033808602588023,-1.1496969524119325,16.05,1.6874537030686203,2. Город,7. 450–680 тыс. человек,Балашиха,0.0,150.0,0.0,0.0,0.0,0.0,-0.1,0.5,0.0,0.5,0.6498993729165394,0.07590512620757246,1399,2.010412665228357,0.6827863147097695,0.07339253534857586,50,1.6311425231687884,1.6311425231687884,False,False,True,True,True,False,False,3,профиль риска,1
50,sch50100278,4,2,2019,10,0.7849999999999999,0.8,0.09759610647971569,0.6,1.0,0.4,0.6,0.0,0.3436951359692407,0.7270134540269075,15.7,1.9519221295943134,не указано,не указано,не указано,0.0,807.0,0.0,0.0,0.0,0.0,0.5,0.7,0.5,0.7,0.6498993729165394,0.07590512620757246,1399,1.7798617014878575,0.6281943348789004,0.08701685533825242,169,1.8020148454177485,1.8020148454177485,False,False,False,True,True,True,False,4,профиль риска,1
50,sch50100702,4,2,2019,32,0.834375,0.85,0.08425917976695477,0.65,0.95,0.29999999999999993,0.8125,0.0,-0.913067505908031,0.013369181255900031,16.6875,1.6851835953390955,2. Город,5. 50–100 тыс. человек,Ногинск,0.0,313.0,0.0,0.0,0.0,0.0,0.0,0.3125,0.0,0.3125,0.6498993729165394,0.07590512620757246,1399,2.4303447777556935,0.6665165490285372,0.07490175791718018,174,2.2410482162123087,2.2410482162123087,False,True,True,True,True,False,False,3,профиль риска,1
50,sch50100705,4,2,2019,32,0.796875,0.8,0.09596345332990054,0.6,1.0,0.4,0.5625,0.0,0.19497248847083049,-0.5535344993359566,15.9375,1.919269066598011,2. Город,6. 100–450 тыс. человек,Ногинск,0.0,344.0,0.0,0.0,0.0,0.0,0.28125,0.65625,0.28125,0.65625,0.6498993729165394,0.07590512620757246,1399,1.9363069983117682,0.6713179255789581,0.0665221401730504,370,1.8874479097397994,1.8874479097397994,False,False,True,True,True,False,False,3,профиль риска,1
50,sch50100858,4,2,2019,10,0.9549999999999998,0.95,0.04153311931459037,0.9,1.0,0.09999999999999998,1.0,0.0,-0.18843003091684438,-1.5261499684940172,19.1,0.8306623862918076,2. Город,6. 100–450 тыс. человек,Подольск,0.0,81.0,0.0,0.0,0.0,0.0,0.0,0.0,0.0,0.0,0.6498993729165394,0.07590512620757246,1399,4.0194996349669845,0.6713179255789581,0.0665221401730504,370,4.264476062902854,4.264476062902854,False,True,True,True,True,False,True,4,профиль риска,1
50,sch50101145,4,2,2019,22,0.8204545454545454,0.825,0.05965638522003038,0.65,0.9,0.25,0.8181818181818182,0.0,-0.8280699000555625,0.8931519776879502,16.40909090909091,1.1931277044006081,2. Город,4. 10–50 тыс. человек,Талдом,0.0,277.0,0.0,0.0,0.0,0.0,0.4090909090909091,0.5,0.4090909090909091,0.5,0.6498993729165394,0.07590512620757246,1399,2.2469519656893877,0.6502870947002864,0.06591609949530791,204,2.581576459425849,2.581576459425849,False,True,True,True,True,True,True,6,профиль риска,1
50,sch50103184,4,2,2019,27,0.9259259259259258,0.95,0.06717910054524835,0.7,1.0,0.30000000000000004,0.9629629629629629,0.0,-1.4595679155981565,2.6561215251152444,18.51851851851852,1.343582010904967,2. Город,4. 10–50 тыс. человек,Зарайск,0.0,504.0,0.0,0.0,0.0,0.0,0.0,0.07407407407407407,0.0,0.07407407407407407,0.6498993729165394,0.07590512620757246,1399,3.6364678751018187,0.6502870947002864,0.06591609949530791,204,4.18166173872682,4.18166173872682,False,True,True,True,True,False,True,4,профиль риска,1
50,sch50103319,4,2,2019,40,0.88125,0.9,0.0878119439484174,0.65,1.0,0.35,0.85,0.0,-0.6096372798887423,-0.20926759114691595,17.625,1.756238878968348,"3. Населенный пункт городского типа (рабочий поселок, поселок городского типа и пр.)",3. 5–10 тыс. чел,Опалиха,0.0,519.0,0.0,0.0,0.0,0.0,0.125,0.225,0.125,0.225,0.6498993729165394,0.07590512620757246,1399,3.0478920020605997,0.6380234933971994,0.0834817314533908,95,2.9135297312154793,2.9135297312154793,False,True,True,True,True,False,True,4,профиль риска,1
50,sch50106145,4,2,2019,58,0.8689655172413793,0.875,0.08500891748704172,0.7,1.0,0.30000000000000004,0.8448275862068966,0.0,-0.3506315178620893,-0.5450904021330119,17.379310344827587,1.7001783497408345,2. Город,5. 50–100 тыс. человек,Долгопрудный,0.0,628.0,0.0,0.0,0.0,0.0,0.08620689655172414,0.25862068965517243,0.08620689655172414,0.25862068965517243,0.6498993729165394,0.07590512620757246,1399,2.886052039828969,0.6665165490285372,0.07490175791718018,174,2.702860037499954,2.702860037499954,False,True,True,True,True,False,True,4,профиль риска,1
51,sch51110005,4,2,2019,25,0.858,0.9,0.0844748483277715,0.6,0.95,0.35,0.88,0.0,-1.5954811351998683,2.3224514367873867,17.16,1.6894969665554302,1. Столица субъекта РФ,6. 100–450 тыс. человек,Мурманск,0.0,544.0,0.0,0.0,0.0,0.0,0.08,0.16,0.08,0.16,0.6620820462386515,0.08016656529747633,148,2.4438860893484735,0.7048610043560122,0.08691321840355465,46,1.7619758933898206,1.7619758933898206,False,False,True,True,True,False,False,3,профиль риска,1
51,sch51110007,4,2,2019,49,0.8591836734693877,0.9,0.08670467667856328,0.6,1.0,0.4,0.8367346938775511,0.0,-1.0586326261343182,0.8860564298923417,17.183673469387756,1.7340935335712655,1. Столица субъекта РФ,6. 100–450 тыс. человек,Мурманск,0.0,721.0,0.0,0.0,0.0,0.0,0.0,0.20408163265306123,0.0,0.20408163265306123,0.6620820462386515,0.08016656529747633,148,2.458651265641052,0.7048610043560122,0.08691321840355465,46,1.7755949204046957,1.7755949204046957,False,False,True,True,True,False,False,3,профиль риска,1
51,sch51113068,4,2,2019,19,0.8052631578947369,0.85,0.09016758788953586,0.65,0.95,0.29999999999999993,0.631578947368421,0.0,-0.3189016790757803,-1.1445008111582866,16.105263157894736,1.8033517577907172,"4. Населенный пункт сельского типа (село, хутор, деревня и пр.)",2. 1–5 тыс. человек,Оленегорск-2,0.0,247.0,0.0,0.0,0.0,0.0,-0.05263157894736842,0.47368421052631576,0.0,0.47368421052631576,0.6620820462386515,0.08016656529747633,148,1.786045231260429,0.6559399191029137,0.0774987202204626,15,1.9267832858018756,1.9267832858018756,False,False,True,True,True,False,False,3,профиль риска,1
52,sch52120536,4,2,2019,53,0.8754716981132076,0.9,0.09645736251789629,0.6,1.0,0.4,0.8490566037735849,0.0,-0.7869789743077272,0.1311835988388519,17.50943396226415,1.929147250357926,2. Город,6. 100–450 тыс. человек,Дзержинск,0.0,652.0,0.0,0.0,0.0,0.0,0.09433962264150944,0.24528301886792453,0.09433962264150944,0.24528301886792453,0.650937536535301,0.097284985174314,793,2.308004273995511,0.6838877480098636,0.08645744339628429,49,2.2159335573364607,2.2159335573364607,False,True,True,True,True,False,False,3,профиль риска,1
52,sch52120642,4,2,2019,75,0.9246666666666667,0.95,0.06396526835365858,0.75,1.0,0.25,0.9733333333333334,0.0,-0.59650872068551,-0.14193279194457276,18.493333333333332,1.2793053670731718,2. Город,8. Более 680 тыс. человек,Нижний Новгород,0.0,821.0,0.0,0.0,0.0,0.0,0.06666666666666667,0.06666666666666667,0.06666666666666667,0.06666666666666667,0.650937536535301,0.097284985174314,793,2.8136832178254583,0.6937232251284307,0.0799909488806111,147,2.88711966503768,2.88711966503768,False,True,True,True,True,False,True,4,профиль риска,1
52,sch52120730,4,2,2019,87,0.8982758620689656,0.9,0.09205454275942954,0.55,1.0,0.44999999999999996,0.896551724137931,0.0,-0.9660335476950588,1.0142146958112894,17.96551724137931,1.8410908551885907,2. Город,8. Более 680 тыс. человек,Нижний Новгород,0.0,926.0,0.0,0.0,0.011494252873563218,0.011494252873563218,0.11494252873563218,0.1839080459770115,0.11494252873563218,0.1839080459770115,0.650937536535301,0.097284985174314,793,2.542410065545952,0.6937232251284307,0.0799909488806111,147,2.557197280480269,2.557197280480269,False,True,True,True,True,False,True,4,профиль риска,1
52,sch52123174,4,2,2019,23,0.7891304347826086,0.8,0.09319978743576529,0.6,0.95,0.35,0.5217391304347826,0.0,-0.20573981003087882,-0.9411960770151606,15.782608695652174,1.8639957487153058,2. Город,4. 10–50 тыс. человек,Навашино,0.0,278.0,0.0,0.0,0.0,0.0,0.08695652173913043,0.5217391304347826,0.08695652173913043,0.5217391304347826,0.650937536535301,0.097284985174314,793,1.4204956499679302,0.6549201124061697,0.06032088026332181,69,2.2249397188927578,2.2249397188927578,False,True,True,True,True,False,False,3,профиль риска,1
52,sch52123265,4,2,2019,11,0.7181818181818181,0.75,0.11134044285378084,0.6,0.95,0.35,0.36363636363636365,0.0,0.47724225155225625,-0.7365000000000013,14.363636363636363,2.226808857075616,"4. Населенный пункт сельского типа (село, хутор, деревня и пр.)",1. Менее 1 тыс. человек,Большое Горево,0.0,103.0,0.0,0.0,0.0,0.0,0.36363636363636365,0.5454545454545454,0.36363636363636365,0.5454545454545454,0.650937536535301,0.097284985174314,793,0.6912092500813948,0.6086468784055147,0.10376800777866768,204,1.055575240587989,1.055575240587989,False,False,False,True,False,True,False,3,профиль риска,1
52,sch52123567,4,2,2019,11,0.8772727272727273,0.9,0.08624393618641034,0.7,1.0,0.30000000000000004,0.8181818181818182,0.0,-0.7677307430519921,-0.42055555555555335,17.545454545454547,1.7248787237282068,не указано,не указано,не указано,0.0,807.0,0.0,0.0,0.0,0.0,0.09090909090909091,0.2727272727272727,0.09090909090909091,0.2727272727272727,0.650937536535301,0.097284985174314,793,2.326517194116665,0.6421473270465733,0.12154566216174001,86,1.9344614694128222,1.9344614694128222,False,False,True,True,True,False,False,3,профиль риска,1
52,sch52126233,4,2,2019,12,0.7958333333333334,0.8,0.10095034532988097,0.55,1.0,0.44999999999999996,0.75,0.0,-0.5544975362993955,1.4167089900716547,15.916666666666666,2.0190069065976193,не указано,не указано,не указано,0.0,807.0,0.0,0.0,0.08333333333333333,0.08333333333333333,0.4166666666666667,0.5833333333333334,0.4166666666666667,0.5833333333333334,0.650937536535301,0.097284985174314,793,1.489395270384325,0.6421473270465733,0.12154566216174001,86,1.2644302030478978,1.2644302030478978,False,False,False,True,True,True,False,4,профиль риска,1
54,sch54143407,4,2,2019,11,0.8318181818181817,0.85,0.07767276132106846,0.7,0.95,0.25,0.7272727272727273,0.0,0.036074326190592455,-0.9876618502533296,16.636363636363637,1.5534552264213692,"3. Населенный пункт городского типа (рабочий поселок, поселок городского типа и пр.)",2. 1–5 тыс. человек,Приобский,0.0,119.0,0.0,0.0,0.0,0.0,0.2727272727272727,0.45454545454545453,0.2727272727272727,0.45454545454545453,0.5938266519751882,0.10415971829253855,916,2.2848710974292437,0.5830686790199153,0.07853241821786913,93,3.1674753998809924,3.1674753998809924,False,True,True,True,True,False,True,4,профиль риска,1
54,sch54143775,4,2,2019,117,0.865811965811966,0.9,0.08259922100002394,0.55,1.0,0.44999999999999996,0.8803418803418803,0.0,-1.2164034468261016,2.6345582421665332,17.316239316239315,1.6519844200004794,2. Город,8. Более 680 тыс. человек,Новосибирск,0.0,1193.0,0.0,0.0,0.017094017094017096,0.017094017094017096,0.1452991452991453,0.21367521367521367,0.1452991452991453,0.21367521367521367,0.5938266519751882,0.10415971829253855,916,2.611233193554646,0.6589998017921124,0.08196209036400823,191,2.523266099014361,2.523266099014361,False,True,True,True,True,False,True,4,профиль риска,1
55,sch55153385,4,2,2019,10,0.715,0.8,0.1484082207965583,0.4,0.85,0.44999999999999996,0.6,0.1,-1.0040716411245685,-0.48452060848200373,14.3,2.9681644159311658,"4. Населенный пункт сельского типа (село, хутор, деревня и пр.)",1. Менее 1 тыс. человек,Октябрьское,1.0,96.0,0.0,0.0,0.1,0.3,0.5,0.5,0.5,0.5,0.5891814080350362,0.09858188388955257,679,1.276285124617077,0.5592455996172724,0.10416127289848856,304,1.4953196715877277,1.4953196715877277,False,False,False,False,True,True,False,3,профиль риска,1
55,sch55153410,4,2,2019,10,0.41,0.375,0.09695359714832659,0.3,0.65,0.35000000000000003,0.0,0.7,1.3627927530355555,1.0563603440470803,8.2,1.9390719429665317,"4. Населенный пункт сельского типа (село, хутор, деревня и пр.)",1. Менее 1 тыс. человек,Крайчиково,0.0,56.0,0.5,0.5,-0.2,0.4,-0.1,0.1,0.5,0.5,0.5891814080350362,0.09858188388955257,679,-1.8175896114521841,0.5592455996172724,0.10416127289848856,304,-1.4328319486141576,-1.4328319486141576,False,False,True,False,False,True,False,3,профиль риска,1
56,sch56166261,4,2,2019,10,0.775,0.8,0.06020797289396148,0.65,0.85,0.19999999999999996,0.6,0.0,-0.6872729367206076,-0.4019024970273488,15.5,1.2041594578792296,2. Город,4. 10–50 тыс. человек,Сорочинск,0.0,83.0,0.0,0.0,0.0,0.0,0.4,0.8,0.4,0.8,0.5920657708764161,0.09102950163053959,840,2.009614749579285,0.6242906784759176,0.05866570687788583,67,2.5689509177446332,2.5689509177446332,False,True,True,True,True,True,True,6,профиль риска,1
57,sch57170261,4,2,2019,22,0.8568181818181817,0.875,0.09687791584521417,0.7,1.0,0.30000000000000004,0.7272727272727273,0.0,-0.005267781735005508,-1.1737643227040888,17.136363636363637,1.9375583169042836,2. Город,6. 100–450 тыс. человек,Орёл,0.0,192.0,0.0,0.0,0.0,0.0,0.22727272727272727,0.4090909090909091,0.22727272727272727,0.4090909090909091,0.5927128077416755,0.12408534668001307,354,2.128417102766952,0.6890071437991047,0.08683812096347386,46,1.9324581895278719,1.9324581895278719,False,False,True,True,True,False,False,3,профиль риска,1
59,sch59190297,4,2,2019,17,0.7382352941176471,0.75,0.12664147142124108,0.5,0.9,0.4,0.47058823529411764,0.0,-0.6038352790527358,-0.9578886549854593,14.764705882352942,2.532829428424822,не указано,не указано,не указано,0.0,807.0,0.0,0.0,0.23529411764705882,0.23529411764705882,0.35294117647058826,0.47058823529411764,0.35294117647058826,0.47058823529411764,0.6298427956492024,0.09579842792943416,686,1.1314642715044072,0.6117307956916234,0.09712920773192017,270,1.3024351930799265,1.3024351930799265,False,False,False,False,True,True,False,3,профиль риска,1
59,sch59193049,4,2,2019,79,0.9601265822784811,1.0,0.06130425617384197,0.75,1.0,0.25,0.9873417721518988,0.0,-1.4615415872852362,1.3076669626080974,19.20253164556962,1.2260851234768393,1. Столица субъекта РФ,8. Более 680 тыс. человек,город,0.0,701.0,0.0,0.0,0.0,0.0,0.05063291139240506,0.05063291139240506,0.05063291139240506,0.05063291139240506,0.6298427956492024,0.09579842792943416,686,3.447695267740387,0.7239143367237314,0.08297654548739584,90,2.846735112522013,2.846735112522013,False,True,True,True,True,False,True,4,профиль риска,1
59,sch59193061,4,2,2019,106,0.8679245283018869,0.85,0.09090443853592747,0.6,1.0,0.4,0.8679245283018868,0.0,-0.539553018385136,0.15755590991776636,17.358490566037737,1.8180887707185498,1. Столица субъекта РФ,8. Более 680 тыс. человек,Пермь,0.0,1430.0,0.0,0.0,0.0,0.0,0.16037735849056603,0.27358490566037735,0.16037735849056603,0.27358490566037735,0.6298427956492024,0.09579842792943416,686,2.485236321707255,0.7239143367237314,0.08297654548739584,90,1.73555298948943,1.73555298948943,False,False,True,True,True,False,False,3,профиль риска,1
59,sch59193088,4,2,2019,56,0.7964285714285714,0.8,0.08704326862109958,0.65,1.0,0.35,0.5714285714285714,0.0,0.39393421608032414,-0.3751572968744683,15.928571428571429,1.7408653724219916,2. Город,8. Более 680 тыс. человек,Пермь,0.0,735.0,0.0,0.0,0.0,0.0,0.25,0.6785714285714286,0.25,0.6785714285714286,0.6298427956492024,0.09579842792943416,686,1.7389197232138014,0.7239143367237314,0.08297654548739584,90,0.8739124324699068,0.8739124324699068,False,False,True,True,True,False,False,3,профиль риска,1
59,sch59193098,4,2,2019,99,0.9121212121212121,0.9,0.08167776952693064,0.6,1.0,0.4,0.9393939393939394,0.0,-1.0463139975820805,1.5312034478822323,18.242424242424242,1.6335553905386129,2. Город,8. Более 680 тыс. человек,Пермь,0.0,1008.0,0.0,0.0,0.0,0.0,0.09090909090909091,0.1111111111111111,0.09090909090909091,0.1111111111111111,0.6298427956492024,0.09579842792943416,686,2.9465871473375125,0.7239143367237314,0.08297654548739584,90,2.268193671982517,2.268193671982517,False,True,True,True,True,False,False,3,профиль риска,1
59,sch59193399,4,2,2019,14,0.775,0.8,0.1319496657279369,0.45,0.9,0.45,0.6428571428571429,0.0,-1.1309673912964948,0.316370808678502,15.5,2.638993314558738,"4. Населенный пункт сельского типа (село, хутор, деревня и пр.)",2. 1–5 тыс. человек,Серга,0.0,243.0,0.0,0.0,-0.07142857142857142,0.07142857142857142,0.35714285714285715,0.35714285714285715,0.35714285714285715,0.35714285714285715,0.6298427956492024,0.09579842792943416,686,1.5152357662666602,0.6094536448906126,0.07574302746236312,82,2.185631610667368,2.185631610667368,False,True,False,False,True,True,False,3,профиль риска,1
60,sch60103123,4,2,2019,10,0.775,0.8,0.1382931668593933,0.55,1.0,0.44999999999999996,0.7,0.0,-0.24103384202072928,-0.6323209022170966,15.5,2.7658633371878665,"4. Населенный пункт сельского типа (село, хутор, деревня и пр.)",1. Менее 1 тыс. человек,Изборск,0.0,134.0,0.0,0.0,0.2,0.2,0.4,0.6,0.4,0.6,0.6180351456688202,0.09994395615967236,208,1.5705287279243756,0.591737463924964,0.10629922790959544,44,1.7240250910467176,1.7240250910467176,False,False,False,True,True,True,False,4,профиль риска,1
62,sch62120331,4,2,2019,16,0.7875000000000001,0.8,0.0875,0.65,0.9,0.25,0.6875,0.0,-0.5947521865889238,-1.0503956684714677,15.75,1.75,1. Столица субъекта РФ,7. 450–680 тыс. человек,город Рязань,0.0,187.0,0.0,0.0,0.0,0.0,0.0625,0.5625,0.0625,0.5625,0.6409093377955661,0.0892214143499233,283,1.6429986374068275,0.6980298638528211,0.06786899511800294,68,1.3182770128188646,1.3182770128188646,False,False,True,True,True,False,False,3,профиль риска,1
62,sch62123260,4,2,2019,61,0.909016393442623,0.95,0.0846924023153409,0.7,1.0,0.30000000000000004,0.9344262295081968,0.0,-0.6882708375644879,-0.5585378927758158,18.18032786885246,1.6938480463068186,2. Город,7. 450–680 тыс. человек,Рязань,0.0,702.0,0.0,0.0,0.0,0.0,0.14754098360655737,0.21311475409836064,0.14754098360655737,0.21311475409836064,0.6409093377955661,0.0892214143499233,283,3.0049630752943486,0.6980298638528211,0.06786899511800294,68,3.1087321865155415,3.1087321865155415,False,True,True,True,True,False,True,4,профиль риска,1
63,sch63133108,4,2,2019,27,0.8203703703703703,0.8,0.08846348824071248,0.65,0.95,0.29999999999999993,0.6666666666666666,0.0,-0.10784154899511035,-1.116317466803802,16.40740740740741,1.76926976481425,1. Столица субъекта РФ,8. Более 680 тыс. человек,Самара,0.0,164.0,0.0,0.0,0.0,0.0,0.14814814814814814,0.5185185185185185,0.14814814814814814,0.5185185185185185,0.6319593810183425,0.09172985760577386,671,2.0539766905750483,0.6787599885559585,0.08685212317042723,231,1.63047691461191,1.63047691461191,False,False,True,True,True,False,False,3,профиль риска,1
63,sch63133144,4,2,2019,88,0.9454545454545454,0.95,0.06060132557260628,0.65,1.0,0.35,0.9886363636363636,0.0,-1.7403258416855707,4.964227005406301,18.90909090909091,1.2120265114521256,2. Город,8. Более 680 тыс. человек,Самара,0.0,1251.0,0.0,0.0,0.0,0.0,0.011363636363636364,0.03409090909090909,0.011363636363636364,0.03409090909090909,0.6319593810183425,0.09172985760577386,671,3.417591312345723,0.6787599885559585,0.08685212317042723,231,3.070674005001126,3.070674005001126,False,True,True,True,True,False,True,4,профиль риска,1
63,sch63133156,4,2,2019,10,0.8150000000000001,0.8,0.09499999999999999,0.65,0.95,0.29999999999999993,0.7,0.0,-0.08397725615979233,-0.9716469333415181,16.3,1.9000000000000001,2. Город,8. Более 680 тыс. человек,Самара,0.0,127.0,0.0,0.0,0.0,0.0,0.2,0.6,0.2,0.6,0.6319593810183425,0.09172985760577386,671,1.9954311906632267,0.6787599885559585,0.08685212317042723,231,1.5686434190756853,1.5686434190756853,False,False,True,True,True,False,False,3,профиль риска,1
63,sch63136012,4,2,2019,15,0.7933333333333333,0.8,0.08339997335464537,0.65,0.95,0.29999999999999993,0.6,0.0,0.12539493181658695,-0.8796302912145695,15.866666666666667,1.667999467092907,2. Город,6. 100–450 тыс. человек,Сызрань,0.0,170.0,0.0,0.0,0.0,0.0,0.13333333333333333,0.6666666666666666,0.13333333333333333,0.6666666666666666,0.6319593810183425,0.09172985760577386,671,1.7592303806741472,0.6197076779851182,0.08059871527628513,42,2.154198795266675,2.154198795266675,False,True,True,True,True,False,False,3,профиль риска,1
63,sch63136022,4,2,2019,22,0.7727272727272729,0.8,0.09011012546181368,0.6,0.95,0.35,0.5909090909090909,0.0,-0.3222982052821073,-0.45801526717557106,15.454545454545455,1.8022025092362737,2. Город,8. Более 680 тыс. человек,город,0.0,529.0,0.0,0.0,0.0,0.0,0.2727272727272727,0.6363636363636364,0.2727272727272727,0.6363636363636364,0.6319593810183425,0.09172985760577386,671,1.534591848097123,0.6787599885559585,0.08685212317042723,231,1.0819227065632615,1.0819227065632615,False,False,True,True,True,False,False,3,профиль риска,1
63,sch63136144,4,2,2019,14,0.8642857142857144,0.85,0.09529760045804524,0.7,1.0,0.30000000000000004,0.7857142857142857,0.0,0.0214753461453822,-1.1129907839919195,17.285714285714285,1.905952009160905,2. Город,8. Более 680 тыс. человек,Самара,0.0,78.0,0.0,0.0,0.0,0.0,0.21428571428571427,0.35714285714285715,0.21428571428571427,0.35714285714285715,0.6319593810183425,0.09172985760577386,671,2.532723143055968,0.6787599885559585,0.08685212317042723,231,2.1361104249081455,2.1361104249081455,False,True,True,True,True,False,False,3,профиль риска,1
64,sch64140177,4,2,2019,13,0.5846153846153845,0.55,0.08177035240565114,0.45,0.75,0.3,0.0,0.0,0.3952276391726691,-0.5934293993264923,11.692307692307692,1.6354070481130232,"4. Населенный пункт сельского типа (село, хутор, деревня и пр.)",2. 1–5 тыс. человек,Новоалександровка,0.0,108.0,0.0,0.0,0.38461538461538464,0.5384615384615384,-0.15384615384615385,0.3076923076923077,0.38461538461538464,0.5384615384615384,0.5824675609878284,0.0989350832126868,859,0.021709423571604613,0.5760893566535558,0.08869114735448436,129,0.09613166833609224,0.09613166833609224,False,False,True,False,False,True,False,3,профиль риска,1
64,sch64146041,4,2,2019,10,0.775,0.8,0.16620770138594662,0.45,0.95,0.49999999999999994,0.6,0.0,-0.882067037923822,-0.47865522818943074,15.5,3.3241540277189325,"4. Населенный пункт сельского типа (село, хутор, деревня и пр.)",2. 1–5 тыс. человек,село,0.0,96.0,0.0,0.0,0.0,0.2,0.4,0.4,0.4,0.4,0.5824675609878284,0.0989350832126868,859,1.9460481839215,0.5760893566535558,0.08869114735448436,129,2.2427339061409386,2.2427339061409386,False,True,False,False,True,True,False,3,профиль риска,1
65,sch65156017,4,2,2019,17,0.7735294117647058,0.8,0.0909389696102371,0.65,1.0,0.35,0.5294117647058824,0.0,0.6925855630948613,0.0700574219639023,15.470588235294118,1.818779392204742,2. Город,4. 10–50 тыс. человек,Углегорск,0.0,83.0,0.0,0.0,0.0,0.0,-0.058823529411764705,0.7647058823529411,0.0,0.7647058823529411,0.6179893170336197,0.0978852517982437,138,1.5890043890542136,0.6490939098139973,0.062293870761504326,27,1.997556106717417,1.997556106717417,False,False,True,True,True,False,False,3,профиль риска,1
66,sch66160453,4,2,2019,11,0.7545454545454544,0.8,0.09642365197998375,0.55,0.9,0.35,0.5454545454545454,0.0,-0.6612234078295488,-0.3318222222222271,15.090909090909092,1.9284730395996752,"4. Населенный пункт сельского типа (село, хутор, деревня и пр.)",1. Менее 1 тыс. человек,деревня,0.0,55.0,0.0,0.0,0.09090909090909091,0.09090909090909091,0.36363636363636365,0.7272727272727273,0.36363636363636365,0.7272727272727273,0.5985110942529539,0.09638634250878927,985,1.6188430459250185,0.5574604487418011,0.10736606488285261,207,1.8356359248026204,1.8356359248026204,False,False,True,True,True,True,False,5,профиль риска,1
66,sch66163891,4,2,2019,14,0.8214285714285714,0.9,0.09394961741404219,0.65,0.9,0.25,0.5714285714285714,0.0,-0.5023160739949545,-1.4583848441311107,16.428571428571427,1.8789923482808437,2. Город,8. Более 680 тыс. человек,Екатеринбург,0.0,80.0,0.0,0.0,0.0,0.0,0.0,0.42857142857142855,0.0,0.42857142857142855,0.5985110942529539,0.09638634250878927,985,2.3127496217141976,0.6655951398824063,0.07960829590178843,163,1.9575024158087055,1.9575024158087055,False,False,True,True,True,False,False,3,профиль риска,1
66,sch66166009,4,2,2019,10,0.515,0.55,0.05937171043518961,0.35,0.55,0.20000000000000007,0.0,0.1,-2.028331860951699,3.0387807454353357,10.3,1.1874342087037917,2. Город,5. 50–100 тыс. человек,Серов,1.0,318.0,0.1,0.1,0.9,0.9,0.0,0.0,0.9,0.9,0.5985110942529539,0.09638634250878927,985,-0.8664204085276779,0.6079543625018251,0.10443103932869063,89,-0.8901028190407704,-0.8901028190407704,False,False,True,False,False,True,False,3,профиль риска,1
68,sch68180140,4,2,2019,41,0.8109756097560977,0.8,0.10271449604510031,0.45,1.0,0.55,0.7073170731707317,0.0,-0.9885615757481337,2.704618808891902,16.21951219512195,2.0542899209020065,2. Город,5. 50–100 тыс. человек,Мичуринск,0.0,430.0,0.0,0.0,0.0,0.04878048780487805,0.4634146341463415,0.5609756097560976,0.4634146341463415,0.5609756097560976,0.6344558005440595,0.07091654441033547,89,2.489120284692157,0.6483063690053321,0.06162158958814244,10,2.639809226571255,2.639809226571255,False,True,False,False,True,True,True,4,профиль риска,1
70,sch70103209,4,2,2019,14,0.9357142857142857,0.975,0.07178482586514921,0.8,1.0,0.19999999999999996,1.0,0.0,-0.5054000777997272,-1.3214390746005298,18.714285714285715,1.4356965173029843,"4. Населенный пункт сельского типа (село, хутор, деревня и пр.)",4. 10–50 тыс. человек,село,0.0,163.0,0.0,0.0,0.0,0.0,0.07142857142857142,0.07142857142857142,0.07142857142857142,0.07142857142857142,0.6292734259525552,0.10669798802305322,276,2.872039721081908,0.6494775525953664,0.10926251288693616,13,2.6197158161199754,2.6197158161199754,False,True,True,True,True,False,True,4,профиль риска,1
71,sch71110369,4,2,2019,13,0.8692307692307691,0.9,0.08887861544839495,0.75,1.0,0.25,0.7692307692307693,0.0,-0.015559274513539934,-1.366599335100787,17.384615384615383,1.777572308967899,2. Город,8. Более 680 тыс. человек,Тула,0.0,274.0,0.0,0.0,0.0,0.0,0.38461538461538464,0.38461538461538464,0.38461538461538464,0.38461538461538464,0.6187172802505129,0.09745897643952708,440,2.570450646336296,0.6862915925687691,0.16089186499330724,5,1.137031860931004,2.570450646336296,False,True,True,True,True,True,True,6,профиль риска,1
72,sch72120021,4,2,2019,83,0.833132530120482,0.85,0.08617616743251888,0.6,1.0,0.4,0.7590361445783133,0.0,-0.4736852207608872,0.17171053948703108,16.662650602409638,1.7235233486503774,2. Город,8. Более 680 тыс. человек,Тюмень,0.0,844.0,0.0,0.0,0.0,0.0,0.20481927710843373,0.37349397590361444,0.20481927710843373,0.37349397590361444,0.6119914523036658,0.0982074322012382,433,2.2517753785036656,0.6778699143448601,0.06500127757398154,43,2.3886086792510963,2.3886086792510963,False,True,True,True,True,False,False,3,профиль риска,1
72,sch72120117,4,2,2019,11,0.9,0.9,0.08257228238447704,0.7,1.0,0.30000000000000004,0.9090909090909091,0.0,-1.0899541274750988,0.7400000000000038,18.0,1.651445647689541,не указано,не указано,не указано,0.0,807.0,0.0,0.0,0.0,0.0,0.0,0.18181818181818182,0.0,0.18181818181818182,0.6119914523036658,0.0982074322012382,433,2.9326553117300933,0.5991395443550935,0.10748155698113526,256,2.7991821489682396,2.7991821489682396,False,True,True,True,True,False,True,4,профиль риска,1
72,sch72126051,4,2,2019,10,0.8699999999999999,0.9,0.08124038404635961,0.7,0.95,0.25,0.8,0.0,-0.9399713856603562,-0.3181818181818219,17.4,1.624807680927192,не указано,не указано,не указано,0.0,807.0,0.0,0.0,0.0,0.0,0.0,0.2,0.0,0.2,0.6119914523036658,0.0982074322012382,433,2.6271794497960723,0.5991395443550935,0.10748155698113526,256,2.520064495273796,2.520064495273796,False,True,True,True,True,False,True,4,профиль риска,1
74,sch74143230,4,2,2019,11,0.7909090909090909,0.8,0.08479435502808015,0.6,0.9,0.30000000000000004,0.6363636363636364,0.0,-0.7209032561840341,0.0068370986920336385,15.818181818181818,1.6958871005616027,"4. Населенный пункт сельского типа (село, хутор, деревня и пр.)",2. 1–5 тыс. человек,Кузнецкое,0.0,207.0,0.0,0.0,0.0,0.0,0.36363636363636365,0.5454545454545454,0.36363636363636365,0.5454545454545454,0.6191350687214914,0.08413460056080523,538,2.0416573091525656,0.5907816846142628,0.08392596796987628,115,2.3845707250783237,2.3845707250783237,False,True,True,True,True,True,False,5,профиль риска,1
74,sch74143726,4,2,2019,56,0.8008928571428571,0.8,0.09566079928794324,0.55,1.0,0.44999999999999996,0.6071428571428571,0.0,-0.23964168582928372,-0.15943463605702224,16.017857142857142,1.9132159857588649,2. Город,6. 100–450 тыс. человек,Магнитогорск,0.0,600.0,0.0,0.0,0.017857142857142856,0.017857142857142856,0.21428571428571427,0.5357142857142857,0.21428571428571427,0.5357142857142857,0.6191350687214914,0.08413460056080523,538,2.1603215230101065,0.6591030236597875,0.07450416695082816,77,1.9031127960486984,1.9031127960486984,False,False,True,True,True,False,False,3,профиль риска,1
