object_id,subject,year,n_students,mean_score,median_score,std_score,min_score,max_score,high_score_share,low_score_share,threshold_share,threshold_jump,skewness,kurtosis,is_suspicious,anomaly_type,mean_deviation,predicted_label,risk_probability
3,Обществознание,2026,28,75.14285714285714,75.0,2.133312074724011,72,80,0.07142857142857142,0.0,0.10714285714285714,0.0,0.5860184117269126,-0.29389289951536846,1,low_variance,9.162782907866585,1,1.0
4,Математика,2026,34,67.8529411764706,62.0,10.496868869113463,55,92,0.20588235294117646,0.0,0.5294117647058824,0.17647058823529413,0.8794077041735109,-0.6599433522020623,1,threshold_shift,1.8728669414800407,1,0.915
6,Русский язык,2026,17,83.3529411764706,85.0,6.799145071435242,74,95,0.6470588235294118,0.0,0.11764705882352941,0.0,0.18549148489576983,-1.23911385313206,1,high_scores,17.37286694148004,1,0.995
13,Математика,2026,34,66.05882352941177,63.5,7.447625663772426,57,90,0.058823529411764705,0.0,0.47058823529411764,0.2647058823529412,1.4540895316351623,1.711283872371241,1,threshold_shift,0.0787492944212147,1,0.955
15,Обществознание,2026,29,84.03448275862068,85.0,7.841018400695637,68,98,0.7931034482758621,0.0,0.1724137931034483,0.0,-0.3547461901282712,-0.3175001565619482,1,high_scores,18.05440852363013,1,1.0
17,Русский язык,2026,28,75.17857142857143,75.0,2.22090025872025,72,81,0.03571428571428571,0.0,0.17857142857142858,0.0,0.478786983656667,-0.24067305398688044,1,low_variance,9.198497193580877,1,0.995
20,Математика,2026,18,82.05555555555556,83.0,8.822145255751588,69,97,0.5555555555555556,0.0,0.1111111111111111,0.0,0.16178104329197454,-1.1517756043698448,1,high_scores,16.075481320565004,1,0.91
21,Обществознание,2026,34,83.3529411764706,83.5,6.978464153215682,66,100,0.6764705882352942,0.0,0.23529411764705882,0.0,-0.09941045389963302,0.07065891732182594,1,high_scores,17.37286694148004,1,1.0
25,Русский язык,2026,32,82.34375,82.5,8.191494731579823,67,97,0.59375,0.0,0.21875,0.0,-0.08474756845654284,-1.0627254675918334,1,high_scores,16.363675765009447,1,0.995
31,Математика,2026,27,73.4074074074074,65.0,12.395516690287838,60,92,0.4444444444444444,0.0,0.48148148148148145,0.4444444444444444,0.19035756132092138,-1.7806865049553766,1,mixed,7.427333172416851,1,1.0
33,Обществознание,2026,26,74.84615384615384,75.0,1.8332885058173825,72,78,0.0,0.0,0.038461538461538464,0.0,-0.1846051245055726,-1.2111498214639975,1,low_variance,8.866079611163286,1,1.0
35,Русский язык,2026,30,75.03333333333333,75.0,1.923249564900221,71,79,0.0,0.0,0.1,0.0,-0.10354292244700641,-0.5022581624059623,1,low_variance,9.053259098342778,1,1.0
39,Математика,2026,15,82.73333333333333,84.0,6.485539470408165,70,92,0.7333333333333333,0.0,0.06666666666666667,0.0,-0.5227269465371157,-0.8620777833909368,1,high_scores,16.75325909834278,1,0.98
42,Математика,2026,29,74.37931034482759,74.0,2.384053243785325,71,80,0.034482758620689655,0.0,0.10344827586206896,0.0,0.4475161474175515,-0.7079175784737686,1,low_variance,8.399236109837034,1,0.985
44,Обществознание,2026,26,81.23076923076923,82.0,7.495166095084179,65,95,0.5384615384615384,0.0,0.19230769230769232,0.0,-0.061156559476640844,-0.7225994939471274,1,high_scores,15.250694995778673,1,0.99
48,Математика,2026,33,81.3030303030303,82.0,5.9720807423394,65,91,0.696969696969697,0.0,0.3939393939393939,0.0,-0.6963892347266424,0.5578211278465814,1,high_scores,15.322956068039744,1,1.0
51,Обществознание,2026,20,73.1,72.5,12.016239012270018,60,93,0.4,0.0,0.6,0.4,0.1753185364231247,-1.6480897226037001,1,mixed,7.119925765009441,1,0.995
53,Математика,2026,34,75.11764705882354,75.0,1.8749855824128503,72,80,0.029411764705882353,0.0,0.08823529411764706,0.0,0.5254324793420615,-0.07136989273979255,1,low_variance,9.137572823832983,1,0.98
58,Русский язык,2026,30,73.1,71.5,11.605602095539895,59,91,0.4,0.0,0.5333333333333333,0.36666666666666664,0.12941233663438853,-1.7700780261338318,1,mixed,7.119925765009441,1,0.99
59,Русский язык,2026,20,73.1,72.5,11.995415791042843,58,92,0.5,0.0,0.5,0.2,0.08541729974013787,-1.7221179812895298,1,mixed,7.119925765009441,1,0.99
62,Обществознание,2026,21,83.0,84.0,5.10834984072529,74,90,0.7142857142857143,0.0,0.19047619047619047,0.0,-0.47153370446249476,-0.9661809366508605,1,high_scores,17.019925765009447,1,1.0
67,Русский язык,2026,33,83.3030303030303,85.0,5.9517496713652935,61,90,0.7878787878787878,0.0,0.2727272727272727,0.030303030303030304,-1.7235737671699676,3.8160151217434315,1,high_scores,17.322956068039744,1,0.955
69,Математика,2026,21,82.57142857142857,83.0,6.665986359846521,70,97,0.7142857142857143,0.0,0.19047619047619047,0.0,0.0363981679668804,-0.4822817733901479,1,high_scores,16.591354336438016,1,1.0
75,Русский язык,2026,17,72.23529411764706,62.0,12.435856184080848,59,93,0.4117647058823529,0.0,0.5882352941176471,0.4117647058823529,0.2854285738991868,-1.6974699296635056,1,mixed,6.255219882656505,1,0.995
80,Обществознание,2026,31,82.2258064516129,83.0,7.360354468232009,58,95,0.6451612903225806,0.0,0.3225806451612903,-0.03225806451612903,-0.8758936537140574,2.031513788444194,1,high_scores,16.245732216622343,1,0.87
88,Математика,2026,27,81.33333333333333,82.0,8.445906306213285,64,99,0.5925925925925926,0.0,0.18518518518518517,0.0,0.17163777336410538,-0.45213555769062674,1,high_scores,15.353259098342775,1,0.97
92,Русский язык,2026,32,74.1875,70.5,13.855137810574098,58,97,0.4375,0.0,0.4375,0.25,0.13549959380528212,-1.7610998898011994,1,mixed,8.207425765009447,1,0.975
93,Обществознание,2026,22,85.36363636363636,85.5,5.596634171498686,73,96,0.9090909090909091,0.0,0.22727272727272727,0.0,-0.27713432423694484,-0.32933117981634963,1,high_scores,19.383562128645806,1,0.995
95,Русский язык,2026,34,67.26470588235294,63.0,8.651109495419076,58,88,0.14705882352941177,0.0,0.5294117647058824,0.4117647058823529,1.1645278562627293,0.13775695799722776,1,threshold_shift,1.2846316473623887,1,1.0
99,Русский язык,2026,22,66.22727272727273,60.5,10.933400943821052,56,100,0.09090909090909091,0.0,0.6363636363636364,0.13636363636363635,1.4673645910116304,1.6580869745879658,1,threshold_shift,0.24719849228218038,1,0.92
100,Математика,2026,29,66.41379310344827,63.0,8.248373889395582,58,87,0.10344827586206896,0.0,0.5172413793103449,0.27586206896551724,1.1091495276177148,-0.05274994566387692,1,threshold_shift,0.4337188684577171,1,1.0
101,Русский язык,2026,16,66.75,64.5,7.4456363059177155,57,82,0.0625,0.0,0.4375,0.1875,0.47083107937910385,-0.9302323807877535,1,threshold_shift,0.7699257650094466,1,0.95
102,Русский язык,2026,30,72.4,69.5,11.962719869104463,58,91,0.4666666666666667,0.0,0.6,0.26666666666666666,0.15094410470143346,-1.722938410469018,1,mixed,6.419925765009452,1,1.0
104,Обществознание,2026,23,81.04347826086956,83.0,4.348695565234777,71,87,0.6521739130434783,0.0,0.30434782608695654,0.0,-0.7146391736203344,-0.41279253992125575,1,high_scores,15.06340402587901,1,0.98
109,Русский язык,2026,30,65.0,62.0,7.633260552782583,52,86,0.06666666666666667,0.0,0.5666666666666667,0.4,1.122391363635642,0.6620472432698499,1,threshold_shift,-0.9800742349905534,1,0.845
117,Обществознание,2026,35,80.37142857142857,81.0,6.265942931141851,65,91,0.6857142857142857,0.0,0.4,0.0,-0.5367892609866343,-0.2568630982794895,1,high_scores,14.391354336438013,1,0.985
125,Обществознание,2026,22,74.5909090909091,73.5,12.94975988162466,58,92,0.5,0.0,0.36363636363636365,0.18181818181818182,0.0476455971380825,-1.8388521526003871,1,mixed,8.61083485591854,1,0.925
127,Обществознание,2026,31,82.38709677419355,82.0,6.089003410987865,71,95,0.7096774193548387,0.0,0.3870967741935484,0.0,0.027644392402617363,-0.4819116564995167,1,high_scores,16.407022539203,1,0.995
131,Русский язык,2026,29,79.3103448275862,79.0,6.721573339401722,64,94,0.4827586206896552,0.0,0.27586206896551724,0.0,-0.22070983181068288,-0.1782460470542726,1,high_scores,13.330270592595653,1,0.985
132,Математика,2026,24,74.20833333333333,75.0,1.9360433592481572,71,77,0.0,0.0,0.0,0.0,-0.2609102461831922,-1.1571218298145964,1,low_variance,8.228259098342775,1,0.98
134,Русский язык,2026,22,75.0909090909091,75.0,1.9284730395996752,71,79,0.0,0.0,0.09090909090909091,0.0,-0.05279730632859963,-0.44654814814814836,1,low_variance,9.11083485591854,1,0.995
138,Русский язык,2026,22,72.4090909090909,71.0,12.474188226126238,58,93,0.4090909090909091,0.0,0.6363636363636364,0.13636363636363635,0.18757762034907244,-1.644739196316201,1,mixed,6.429016674100353,1,0.975
143,Математика,2026,27,83.74074074074075,84.0,5.2110466183589805,75,95,0.8148148148148148,0.0,0.2962962962962963,0.0,0.4569170393462202,-0.20067525698883903,1,high_scores,17.760666505750194,1,0.995
147,Обществознание,2026,34,80.1470588235294,79.0,8.01150772672431,65,96,0.47058823529411764,0.0,0.29411764705882354,0.0,0.11062761094556935,-0.6071879303045389,1,high_scores,14.166984588538853,1,0.99
148,Обществознание,2026,19,74.84210526315789,75.0,1.598129100072524,71,77,0.0,0.0,0.0,0.0,-0.5150016726959454,-0.3494219394789284,1,low_variance,8.862031028167337,1,1.0
149,Математика,2026,20,75.7,76.0,2.1,72,81,0.05,0.0,0.15,0.0,0.26951733074181655,0.3476637820661117,1,low_variance,9.71992576500945,1,0.99
157,Обществознание,2026,32,73.625,71.5,12.992185151082168,57,95,0.4375,0.0,0.5,0.28125,0.14637748592255959,-1.7305331608057386,1,mixed,7.644925765009447,1,1.0
159,Математика,2026,18,73.11111111111111,71.5,12.990975024945797,58,92,0.5,0.0,0.6111111111111112,0.16666666666666666,0.10560041806645085,-1.807165301449305,1,mixed,7.131036876120561,1,0.98
167,Русский язык,2026,29,68.06896551724138,64.0,9.001651321621624,57,89,0.1724137931034483,0.0,0.3793103448275862,0.27586206896551724,0.881394143280948,-0.5581584950725271,1,threshold_shift,2.0888912822508274,1,0.955
171,Обществознание,2026,31,74.7741935483871,75.0,2.011413841047728,71,79,0.0,0.0,0.12903225806451613,0.0,0.07261426996751283,-0.42797718843672117,1,low_variance,8.79411931339655,1,0.995
172,Русский язык,2026,32,73.65625,70.5,12.583742922417796,57,98,0.46875,0.0,0.40625,0.15625,0.2275537544064675,-1.493432855860286,1,mixed,7.676175765009447,1,0.995
181,Обществознание,2026,21,65.57142857142857,62.0,8.616547914285842,57,88,0.09523809523809523,0.0,0.6190476190476191,0.0,1.0981683820876014,0.0674867420161207,1,threshold_shift,-0.40864566356198395,1,0.93
182,Русский язык,2026,23,72.56521739130434,64.0,12.586487188066005,57,94,0.43478260869565216,0.0,0.5652173913043478,0.30434782608695654,0.31814722087847824,-1.5363011402211733,1,mixed,6.585143156313791,1,1.0
183,Русский язык,2026,26,74.5,74.0,1.6466749714313573,72,79,0.0,0.0,0.038461538461538464,0.0,0.6202053310234898,0.1053266938282782,1,low_variance,8.519925765009447,1,1.0
186,Русский язык,2026,29,73.06896551724138,64.0,12.808755180526834,58,93,0.41379310344827586,0.0,0.4827586206896552,0.41379310344827586,0.19398032383753352,-1.7663036018998002,1,mixed,7.088891282250827,1,0.995
188,Русский язык,2026,23,82.78260869565217,84.0,6.952988233027584,71,93,0.6086956521739131,0.0,0.17391304347826086,0.0,-0.037976785879938614,-1.3899663048214057,1,high_scores,16.80253446066162,1,1.0
191,Математика,2026,35,73.82857142857142,66.0,12.507108183030994,59,93,0.4857142857142857,0.0,0.42857142857142855,0.34285714285714286,0.14959791677453158,-1.7614052727449045,1,mixed,7.848497193580869,1,0.995
193,Обществознание,2026,30,71.2,65.5,11.05260150371848,57,91,0.36666666666666664,0.0,0.5666666666666667,0.3333333333333333,0.2378161583929495,-1.6517781440296029,1,mixed,5.2199257650094495,1,0.97
194,Русский язык,2026,29,72.03448275862068,65.0,11.938008725020612,57,93,0.3793103448275862,0.0,0.4482758620689655,0.1724137931034483,0.20355851611130396,-1.6339572469943504,1,mixed,6.05440852363013,1,0.975
195,Математика,2026,26,74.65384615384616,75.0,1.752850594631668,72,79,0.0,0.0,0.07692307692307693,0.0,0.4501706467583292,-0.09720373237483271,1,low_variance,8.673771918855607,1,1.0
199,Математика,2026,28,74.82142857142857,75.0,1.9830274731288202,70,80,0.03571428571428571,0.0,0.07142857142857142,0.0,0.11058349885592855,0.7117947405803475,1,low_variance,8.841354336438016,1,0.995
201,Обществознание,2026,35,75.25714285714285,75.0,2.0331939285322513,72,81,0.02857142857142857,0.0,0.11428571428571428,0.0,0.6485621739446259,0.2923606275690167,1,low_variance,9.2770686221523,1,0.995
213,Математика,2026,24,66.70833333333333,63.0,8.885752484861493,57,92,0.125,0.0,0.4583333333333333,0.2916666666666667,1.3392035258500905,0.9300340030599492,1,threshold_shift,0.7282590983427752,1,0.995
215,Математика,2026,33,66.24242424242425,63.0,8.446015029623403,57,92,0.09090909090909091,0.0,0.48484848484848486,0.15151515151515152,1.287341846315496,0.9463380093657823,1,threshold_shift,0.26235000743369596,1,0.995
218,Обществознание,2026,33,73.51515151515152,65.0,13.085085685668458,59,98,0.45454545454545453,0.0,0.5454545454545454,0.24242424242424243,0.2832028867618426,-1.5518951013552853,1,mixed,7.535077280160962,1,1.0
219,Обществознание,2026,34,80.8529411764706,80.0,5.961308348998054,68,94,0.5882352941176471,0.0,0.2647058823529412,0.0,0.18328414469083482,-0.28846603093213563,1,high_scores,14.87286694148004,1,1.0
222,Математика,2026,26,68.23076923076923,62.5,10.459841491326179,57,92,0.19230769230769232,0.0,0.5384615384615384,0.07692307692307693,0.7519043291782164,-0.8293558531192655,1,threshold_shift,2.250694995778673,1,0.955
225,Обществознание,2026,33,71.6969696969697,64.0,11.569250908111524,58,87,0.3939393939393939,0.0,0.48484848484848486,0.2727272727272727,0.1651697658333679,-1.8052975644669798,1,mixed,5.716895461979149,1,0.99
228,Русский язык,2026,16,80.125,79.0,5.266343608235224,73,92,0.375,0.0,0.3125,0.0,0.8000045012180897,-0.327759095417576,1,high_scores,14.144925765009447,1,0.92
232,Математика,2026,30,65.3,62.0,8.591274643497322,57,89,0.1,0.0,0.5666666666666667,0.26666666666666666,1.4950498922183797,1.1195901860529762,1,threshold_shift,-0.6800742349905562,1,0.975
237,Обществознание,2026,25,68.2,63.0,9.687104830649869,58,88,0.24,0.0,0.6,0.44,0.7363917249813191,-1.0632005721225453,1,threshold_shift,2.2199257650094495,1,1.0
243,Математика,2026,15,74.73333333333333,74.0,2.174600857373345,71,79,0.0,0.0,0.13333333333333333,0.0,0.6160782592512932,-0.24827929786873248,1,low_variance,8.753259098342781,1,0.985
246,Математика,2026,22,83.31818181818181,82.0,7.887771684624265,70,98,0.5909090909090909,0.0,0.3181818181818182,0.0,0.10963999606620911,-0.8548740445458924,1,high_scores,17.33810758319126,1,0.99
250,Математика,2026,15,72.06666666666666,64.0,12.588177875380623,58,92,0.4,0.0,0.6,0.2,0.2839321941339361,-1.651165438646535,1,mixed,6.0865924316761095,1,0.975
251,Математика,2026,19,74.3157894736842,68.0,13.349759042094899,59,95,0.47368421052631576,0.0,0.3684210526315789,0.3157894736842105,0.15718877301535608,-1.7731209975269107,1,mixed,8.335715238693652,1,0.96
252,Математика,2026,28,73.92857142857143,71.5,13.817505903300896,58,95,0.4642857142857143,0.0,0.5357142857142857,0.25,0.15657388261696298,-1.7364725336439168,1,mixed,7.948497193580877,1,0.985
253,Математика,2026,26,73.38461538461539,69.5,13.448125185538581,59,99,0.4230769230769231,0.0,0.4230769230769231,0.19230769230769232,0.3126577143461919,-1.4635325967351027,1,mixed,7.4045411496248335,1,0.97
261,Русский язык,2026,28,72.17857142857143,70.0,10.820131935519123,59,90,0.35714285714285715,0.0,0.4642857142857143,0.32142857142857145,0.17577644545882223,-1.6646635225254565,1,mixed,6.198497193580877,1,0.925
266,Русский язык,2026,17,83.88235294117646,83.0,6.50685026307051,74,100,0.7058823529411765,0.0,0.23529411764705882,0.0,0.5842041257762528,0.022747521475065202,1,high_scores,17.90227870618591,1,0.995
267,Обществознание,2026,34,81.41176470588235,83.0,7.046557971006435,66,95,0.5882352941176471,0.0,0.14705882352941177,0.0,-0.20660639031545125,-0.6157758671344808,1,high_scores,15.431690470891795,1,1.0
268,Обществознание,2026,21,75.38095238095238,75.0,1.3265131692556302,73,78,0.0,0.0,0.047619047619047616,0.0,0.13480219550335928,-1.0112724519077467,1,low_variance,9.400878145961826,1,0.995
269,Обществознание,2026,31,82.74193548387096,82.0,6.7200602048737625,74,98,0.6451612903225806,0.0,0.3548387096774194,0.0,0.9588317054540979,0.05526521895822567,1,high_scores,16.761861248880408,1,0.995
275,Математика,2026,34,82.76470588235294,83.0,5.906421348734691,69,95,0.6764705882352942,0.0,0.23529411764705882,0.0,-0.17532805011025007,-0.5051439532866793,1,high_scores,16.78463164736239,1,1.0
281,Русский язык,2026,19,72.15789473684211,65.0,11.056139794106006,61,89,0.3684210526315789,0.0,0.47368421052631576,0.3684210526315789,0.32388520452486386,-1.5916281833196966,1,mixed,6.177820501851556,1,0.98
283,Математика,2026,25,74.8,75.0,1.9183326093250879,70,78,0.0,0.0,0.08,0.0,-0.5303518792321205,-0.034499054820419595,1,low_variance,8.819925765009444,1,1.0
284,Русский язык,2026,23,78.52173913043478,81.0,7.4941691259584475,63,89,0.5217391304347826,0.0,0.21739130434782608,0.043478260869565216,-0.4298449610113632,-0.936705784096485,1,high_scores,12.541664895444228,1,0.91
285,Математика,2026,24,74.66666666666667,74.0,1.7716909687891083,72,79,0.0,0.0,0.08333333333333333,0.0,0.6010623601530515,0.004463936095223886,1,low_variance,8.686592431676118,1,0.995
286,Русский язык,2026,24,74.95833333333333,75.0,1.4571423708371427,71,77,0.0,0.0,0.0,0.0,-0.816506078965493,0.5893861789134145,1,low_variance,8.978259098342775,1,1.0
288,Математика,2026,30,75.16666666666667,75.0,2.034425935955617,71,80,0.03333333333333333,0.0,0.13333333333333333,0.0,0.31977535904286136,-0.21658483852079158,1,low_variance,9.186592431676118,1,1.0
291,Математика,2026,25,72.64,65.0,12.540749578872868,57,99,0.44,0.0,0.52,0.32,0.42485599948348,-1.2679324688053615,1,mixed,6.659925765009447,1,0.965
293,Русский язык,2026,21,72.33333333333333,64.0,11.885699023189224,59,91,0.38095238095238093,0.0,0.5714285714285714,0.38095238095238093,0.23458147380038338,-1.7181829061987117,1,mixed,6.353259098342775,1,0.99
295,Обществознание,2026,24,75.625,75.5,2.117634293262177,72,80,0.041666666666666664,0.0,0.25,0.0,0.10242512382518318,-0.6737243380397966,1,low_variance,9.644925765009447,1,0.99
297,Математика,2026,18,74.94444444444444,75.0,2.344549760667688,69,79,0.0,0.0,0.16666666666666666,0.0,-0.4763604197394041,0.37681106419656185,1,low_variance,8.96437020945389,1,1.0
304,Математика,2026,30,82.43333333333334,83.0,5.57185387062112,71,92,0.6666666666666666,0.0,0.3,0.0,-0.06825743207604038,-0.861559156076857,1,high_scores,16.453259098342784,1,0.99
307,Математика,2026,29,74.89655172413794,75.0,1.7487892873249606,71,79,0.0,0.0,0.06896551724137931,0.0,0.197012090074074,-0.212962179132131,1,low_variance,8.916477489147383,1,1.0
309,Русский язык,2026,16,67.0,64.0,7.952986860293433,59,86,0.0625,0.0,0.4375,0.3125,1.0220636146912743,-0.157274758237123,1,threshold_shift,1.0199257650094466,1,0.985
312,Обществознание,2026,35,67.08571428571429,63.0,8.83942929176322,57,91,0.11428571428571428,0.0,0.45714285714285713,0.17142857142857143,1.0035655579347045,0.049228769503891545,1,threshold_shift,1.1056400507237356,1,0.99
316,Математика,2026,19,71.52631578947368,63.0,12.60897099625848,58,95,0.42105263157894735,0.0,0.5789473684210527,0.10526315789473684,0.3333731797665314,-1.5016968837646594,1,mixed,5.546241554483132,1,0.985
318,Обществознание,2026,29,81.27586206896552,82.0,7.172248008694096,67,95,0.5862068965517241,0.0,0.3103448275862069,0.0,0.035590770126863104,-0.6627370609090266,1,high_scores,15.29578783397497,1,0.995
322,Математика,2026,17,75.17647058823529,75.0,1.9773807428201895,71,78,0.0,0.0,0.11764705882352941,0.0,-0.7477593269042925,0.016287884720802115,1,low_variance,9.196396353244737,1,1.0
330,Математика,2026,23,66.91304347826087,63.0,9.57311926575505,58,95,0.08695652173913043,0.0,0.5217391304347826,0.043478260869565216,1.2709527597689767,0.9615938898964131,1,threshold_shift,0.9329692432703212,1,0.965
335,Математика,2026,26,65.5,63.5,7.606930038812282,56,85,0.07692307692307693,0.0,0.4230769230769231,0.15384615384615385,1.2128836455461731,0.520147102726384,1,threshold_shift,-0.48007423499055335,1,0.96
336,Обществознание,2026,16,83.375,84.5,6.122448448129228,74,93,0.6875,0.0,0.1875,0.0,-0.11044915506488288,-1.0150578581008727,1,high_scores,17.394925765009447,1,0.995
338,Математика,2026,23,75.26086956521739,75.0,2.0687612614557076,71,79,0.0,0.0,0.17391304347826086,0.0,-0.11512697490939576,-0.8062865999076014,1,low_variance,9.280795330226837,1,1.0
339,Математика,2026,17,71.23529411764706,66.0,11.724932769227575,56,93,0.35294117647058826,0.0,0.4117647058823529,0.17647058823529413,0.35246114012262825,-1.4053542623379855,1,mixed,5.255219882656505,1,0.92
341,Обществознание,2026,17,66.70588235294117,64.0,7.78206615451308,57,85,0.11764705882352941,0.0,0.4117647058823529,0.23529411764705882,0.8669442098505656,-0.21669231239628672,1,threshold_shift,0.7258081179506206,1,0.995
342,Русский язык,2026,20,82.65,83.5,6.994819511610003,71,95,0.65,0.0,0.1,0.0,-0.013830246004149458,-0.996722412001287,1,high_scores,16.669925765009452,1,1.0
343,Русский язык,2026,25,75.0,75.0,1.9798989873223332,72,79,0.0,0.0,0.16,0.0,0.5256916303281913,-0.5895460224906288,1,low_variance,9.019925765009447,1,0.995
346,Математика,2026,34,74.1470588235294,74.0,1.784448389660884,70,77,0.0,0.0,0.0,0.0,-0.0976846666402816,-0.5342844054592568,1,low_variance,8.166984588538853,1,0.96
347,Математика,2026,22,84.4090909090909,85.0,7.420237014770613,72,100,0.7272727272727273,0.0,0.13636363636363635,0.0,0.18789782762297927,-0.5754366387961678,1,high_scores,18.429016674100353,1,1.0
348,Математика,2026,32,66.9375,62.0,9.192175680979993,56,88,0.125,0.0,0.625,0.3125,0.872477402197985,-0.6703586793593774,1,threshold_shift,0.9574257650094466,1,1.0
359,Обществознание,2026,17,74.58823529411765,75.0,1.816875907233,72,78,0.0,0.0,0.11764705882352941,0.0,0.269801628432565,-0.6748216710836896,1,low_variance,8.608161059127099,1,0.995
360,Русский язык,2026,20,73.1,70.0,13.352527850560733,58,93,0.45,0.0,0.45,-0.05,0.16080334020720216,-1.7325866885410468,1,mixed,7.119925765009441,1,0.925
364,Математика,2026,24,74.625,75.0,2.2325713874364688,70,79,0.0,0.0,0.125,0.0,0.07055698727406064,-0.17930248326962195,1,low_variance,8.644925765009447,1,1.0
371,Математика,2026,15,75.46666666666667,75.0,2.061283311165374,72,80,0.06666666666666667,0.0,0.2,0.0,0.4129395947213656,-0.2904098317606487,1,low_variance,9.486592431676115,1,0.985
378,Русский язык,2026,21,66.52380952380952,63.0,8.589135150315512,57,85,0.09523809523809523,0.0,0.47619047619047616,0.2857142857142857,0.9426487874177482,-0.3842036561235851,1,threshold_shift,0.543735288818965,1,0.995
388,Обществознание,2026,29,82.93103448275862,83.0,8.02122629924119,62,100,0.7241379310344828,0.0,0.2413793103448276,0.034482758620689655,-0.4802692110872568,0.5303201460190419,1,high_scores,16.950960247768066,1,0.955
398,Математика,2026,18,74.72222222222223,75.0,1.6263645742560497,71,78,0.0,0.0,0.05555555555555555,0.0,-0.4770351134585843,0.12709119353420695,1,low_variance,8.742147987231675,1,1.0
401,Русский язык,2026,30,67.5,62.5,9.955735365439695,58,96,0.13333333333333333,0.0,0.5,0.43333333333333335,1.4893907833107647,1.0917308937880152,1,threshold_shift,1.5199257650094466,1,0.985
402,Обществознание,2026,35,71.74285714285715,65.0,11.8498772920539,55,96,0.34285714285714286,0.0,0.4857142857142857,0.14285714285714285,0.32251773363911246,-1.3261785252261866,1,mixed,5.762782907866594,1,0.905
404,Математика,2026,35,75.42857142857143,75.0,1.9314792892749224,72,81,0.02857142857142857,0.0,0.2,0.0,0.5962320613436193,0.27266350329663736,1,low_variance,9.448497193580877,1,1.0
408,Математика,2026,21,66.57142857142857,63.0,7.979565739296538,57,88,0.047619047619047616,0.0,0.5238095238095238,0.2857142857142857,1.056235010608451,0.2788901216305084,1,threshold_shift,0.591354336438016,1,0.98
409,Русский язык,2026,32,80.71875,79.5,7.902667172385536,66,97,0.5,0.0,0.3125,0.0,0.33874760102839385,-0.5373587827360553,1,high_scores,14.738675765009447,1,1.0
410,Обществознание,2026,20,74.35,74.5,1.9045996954740907,69,78,0.0,0.0,0.05,0.0,-0.6805317651655103,1.2292166670387203,1,low_variance,8.369925765009441,1,0.995
411,Русский язык,2026,28,66.14285714285714,63.0,8.842730209105126,51,86,0.10714285714285714,0.0,0.39285714285714285,0.2857142857142857,0.8424146995880493,-0.071808452529595,1,threshold_shift,0.16278290786658545,1,0.81
413,Обществознание,2026,35,72.77142857142857,65.0,12.983694640995381,56,98,0.37142857142857144,0.0,0.42857142857142855,0.11428571428571428,0.35692036098219043,-1.3744987895459904,1,mixed,6.791354336438019,1,0.975
414,Математика,2026,15,64.06666666666666,63.0,6.77708557485361,56,83,0.06666666666666667,0.0,0.4,0.3333333333333333,1.620748225959235,1.908064847374269,1,threshold_shift,-1.9134075683238905,1,0.895
417,Обществознание,2026,18,73.72222222222223,74.5,13.147900362819048,57,89,0.5,0.0,0.3333333333333333,0.05555555555555555,-0.032059838129345576,-1.8911030054181106,1,mixed,7.742147987231675,1,0.84
420,Обществознание,2026,26,84.3076923076923,84.0,5.318828896326932,73,96,0.8461538461538461,0.0,0.23076923076923078,0.0,-0.11955308801726504,-0.109255326842145,1,high_scores,18.327618072701753,1,1.0
423,Русский язык,2026,20,74.8,75.0,1.8330302779823362,69,78,0.0,0.0,0.05,0.0,-1.4086744164341247,2.9392006802720987,1,low_variance,8.819925765009444,1,1.0
428,Обществознание,2026,28,66.5,63.0,8.244045470173349,56,87,0.10714285714285714,0.0,0.35714285714285715,0.21428571428571427,1.0039252822165206,0.029981148221590814,1,threshold_shift,0.5199257650094466,1,0.87
434,Русский язык,2026,16,85.125,86.5,7.540515565927836,71,100,0.75,0.0,0.0625,0.0,-0.18326391043822415,-0.5646120495040106,1,high_scores,19.144925765009447,1,0.99
437,Математика,2026,21,73.28571428571429,66.0,11.960820393676846,60,91,0.42857142857142855,0.0,0.42857142857142855,0.47619047619047616,0.1954823437040471,-1.7848060138257762,1,mixed,7.3056400507237385,1,1.0
438,Обществознание,2026,16,68.6875,62.0,9.517869706504706,58,83,0.1875,0.0,0.8125,0.3125,0.2821441613813131,-1.7712895381924356,1,threshold_shift,2.7074257650094466,1,0.935
439,Русский язык,2026,25,65.32,62.0,8.152153089828477,57,89,0.08,0.0,0.56,0.04,1.334449232948005,0.9488722682096897,1,threshold_shift,-0.6600742349905602,1,0.965
443,Русский язык,2026,18,66.38888888888889,64.0,7.754130719163595,56,86,0.05555555555555555,0.0,0.3888888888888889,0.16666666666666666,0.8847920400048447,0.007855948512429656,1,threshold_shift,0.4088146538983324,1,0.935
448,Математика,2026,18,69.0,65.0,10.192589900947103,58,85,0.3333333333333333,0.0,0.5,-0.1111111111111111,0.5219268260525586,-1.4601092396122277,1,threshold_shift,3.0199257650094466,1,0.835
452,Математика,2026,24,67.79166666666667,63.0,9.669450030321729,58,91,0.125,0.0,0.375,0.3333333333333333,1.1879379440049986,0.16871620801068943,1,threshold_shift,1.811592431676118,1,0.955
460,Обществознание,2026,26,74.65384615384616,75.0,1.6857390000623942,70,77,0.0,0.0,0.0,0.0,-1.0854682732201786,0.792715164131574,1,low_variance,8.673771918855607,1,1.0
462,Математика,2026,24,72.375,69.0,11.891216996870702,57,91,0.4583333333333333,0.0,0.5,0.3333333333333333,0.14020567484073662,-1.7232534469357739,1,mixed,6.394925765009447,1,0.995
467,Математика,2026,34,68.3529411764706,63.0,9.361631183095417,57,88,0.17647058823529413,0.0,0.5882352941176471,0.35294117647058826,0.6865440272728677,-1.0275973167606411,1,threshold_shift,2.3728669414800407,1,0.995
472,Математика,2026,17,67.52941176470588,61.0,11.146709601855466,56,85,0.23529411764705882,0.0,0.5882352941176471,0.0,0.6747974597679215,-1.3487832470114203,1,threshold_shift,1.5493375297153307,1,0.915
476,Математика,2026,24,72.08333333333333,70.5,11.743497018444813,57,90,0.4583333333333333,0.0,0.625,0.3333333333333333,0.07153583829288657,-1.822759122948262,1,mixed,6.103259098342775,1,0.975
482,Русский язык,2026,19,74.36842105263158,74.0,2.1572527928336,71,78,0.0,0.0,0.15789473684210525,0.0,0.2742976276466107,-0.8090901360544205,1,low_variance,8.388346817641022,1,0.98
485,Русский язык,2026,21,81.23809523809524,81.0,6.101559222306267,70,95,0.5714285714285714,0.0,0.47619047619047616,0.0,0.47382795664386185,-0.1005172814894757,1,high_scores,15.258021003104687,1,0.99
489,Русский язык,2026,24,74.5,74.5,1.8257418583505538,70,78,0.0,0.0,0.041666666666666664,0.0,-0.3080939385966559,-0.3206250000000006,1,low_variance,8.519925765009447,1,0.99
490,Русский язык,2026,32,75.03125,75.0,1.6295009780604612,72,78,0.0,0.0,0.09375,0.0,-0.050317527615723466,-0.6004595452349877,1,low_variance,9.051175765009447,1,0.995
494,Математика,2026,33,84.18181818181819,85.0,5.900459897096597,73,100,0.7878787878787878,0.0,0.18181818181818182,0.0,0.2243846171847857,0.14991408288168762,1,high_scores,18.201743946827634,1,1.0
496,Русский язык,2026,17,72.58823529411765,62.0,14.673140020536973,57,95,0.4117647058823529,0.0,0.5294117647058824,-0.058823529411764705,0.2686415820324625,-1.7123107973065588,1,mixed,6.608161059127099,1,0.895
498,Математика,2026,21,73.52380952380952,65.0,12.583507905262907,57,97,0.47619047619047616,0.0,0.3333333333333333,0.23809523809523808,0.29745859901349575,-1.4421727236799737,1,mixed,7.543735288818965,1,0.935
